channel_0,tag0,tag1
channel_1,tag1,tag2
channel_2,tag2,tag3
channel_3,tag3,tag4
channel_4,tag4,tag5
channel_5,tag5,tag6
channel_6,tag6,tag7
channel_7,tag7,tag8
channel_8,tag8,tag9
channel_9,tag9,tag10
channel_10,tag10,tag11
channel_11,tag11,tag12
channel_12,tag12,tag13
channel_13,tag13,tag14
channel_14,tag14,tag15
channel_15,tag15,tag16
channel_16,tag16,tag17
channel_17,tag17,tag18
channel_18,tag18,tag19
channel_19,tag19,tag20
channel_20,tag20,tag21
channel_21,tag21,tag22
channel_22,tag22,tag23
channel_23,tag23,tag24
channel_24,tag24,tag25
channel_25,tag25,tag26
channel_26,tag26,tag27
channel_27,tag27,tag28
channel_28,tag28,tag29
channel_29,tag29,tag30
channel_30,tag30,tag31
channel_31,tag31,tag32
channel_32,tag32,tag33
channel_33,tag33,tag34
channel_34,tag34,tag35
channel_35,tag35,tag36
channel_36,tag36,tag37
channel_37,tag37,tag38
channel_38,tag38,tag39
channel_39,tag39,tag40
channel_40,tag40,tag41
channel_41,tag41,tag42
channel_42,tag42,tag43
channel_43,tag43,tag44
channel_44,tag44,tag45
channel_45,tag45,tag46
channel_46,tag46,tag47
channel_47,tag47,tag48
channel_48,tag48,tag49
channel_49,tag49,tag50
channel_50,tag50,tag51
channel_51,tag51,tag52
channel_52,tag52,tag53
channel_53,tag53,tag54
channel_54,tag54,tag55
channel_55,tag55,tag56
channel_56,tag56,tag57
channel_57,tag57,tag58
channel_58,tag58,tag59
channel_59,tag59,tag60
channel_60,tag60,tag61
channel_61,tag61,tag62
channel_62,tag62,tag63
channel_63,tag63,tag64
channel_64,tag64,tag65
channel_65,tag65,tag66
channel_66,tag66,tag67
channel_67,tag67,tag68
channel_68,tag68,tag69
channel_69,tag69,tag70
channel_70,tag70,tag71
channel_71,tag71,tag72
channel_72,tag72,tag73
channel_73,tag73,tag74
channel_74,tag74,tag75
channel_75,tag75,tag76
channel_76,tag76,tag77
channel_77,tag77,tag78
channel_78,tag78,tag79
channel_79,tag79,tag80
channel_80,tag80,tag81
channel_81,tag81,tag82
channel_82,tag82,tag83
channel_83,tag83,tag84
channel_84,tag84,tag85
channel_85,tag85,tag86
channel_86,tag86,tag87
channel_87,tag87,tag88
channel_88,tag88,tag89
channel_89,tag89,tag90
channel_90,tag90,tag91
channel_91,tag91,tag92
channel_92,tag92,tag93
channel_93,tag93,tag94
channel_94,tag94,tag95
channel_95,tag95,tag96
channel_96,tag96,tag97
channel_97,tag97,tag98
channel_98,tag98,tag99
channel_99,tag99,tag100
channel_100,tag100,tag101
channel_101,tag101,tag102
channel_102,tag102,tag103
channel_103,tag103,tag104
channel_104,tag104,tag105
channel_105,tag105,tag106
channel_106,tag106,tag107
channel_107,tag107,tag108
channel_108,tag108,tag109
channel_109,tag109,tag110
channel_110,tag110,tag111
channel_111,tag111,tag112
channel_112,tag112,tag113
channel_113,tag113,tag114
channel_114,tag114,tag115
channel_115,tag115,tag116
channel_116,tag116,tag117
channel_117,tag117,tag118
channel_118,tag118,tag119
channel_119,tag119,tag120
channel_120,tag120,tag121
channel_121,tag121,tag122
channel_122,tag122,tag123
channel_123,tag123,tag124
channel_124,tag124,tag125
channel_125,tag125,tag126
channel_126,tag126,tag127
channel_127,tag127,tag128
channel_128,tag128,tag129
channel_129,tag129,tag130
channel_130,tag130,tag131
channel_131,tag131,tag132
channel_132,tag132,tag133
channel_133,tag133,tag134
channel_134,tag134,tag135
channel_135,tag135,tag136
channel_136,tag136,tag137
channel_137,tag137,tag138
channel_138,tag138,tag139
channel_139,tag139,tag140
channel_140,tag140,tag141
channel_141,tag141,tag142
channel_142,tag142,tag143
channel_143,tag143,tag144
channel_144,tag144,tag145
channel_145,tag145,tag146
channel_146,tag146,tag147
channel_147,tag147,tag148
channel_148,tag148,tag149
channel_149,tag149,tag150
channel_150,tag150,tag151
channel_151,tag151,tag152
channel_152,tag152,tag153
channel_153,tag153,tag154
channel_154,tag154,tag155
channel_155,tag155,tag156
channel_156,tag156,tag157
channel_157,tag157,tag158
channel_158,tag158,tag159
channel_159,tag159,tag160
channel_160,tag160,tag161
channel_161,tag161,tag162
channel_162,tag162,tag163
channel_163,tag163,tag164
channel_164,tag164,tag165
channel_165,tag165,tag166
channel_166,tag166,tag167
channel_167,tag167,tag168
channel_168,tag168,tag169
channel_169,tag169,tag170
channel_170,tag170,tag171
channel_171,tag171,tag172
channel_172,tag172,tag173
channel_173,tag173,tag174
channel_174,tag174,tag175
channel_175,tag175,tag176
channel_176,tag176,tag177
channel_177,tag177,tag178
channel_178,tag178,tag179
channel_179,tag179,tag180
channel_180,tag180,tag181
channel_181,tag181,tag182
channel_182,tag182,tag183
channel_183,tag183,tag184
channel_184,tag184,tag185
channel_185,tag185,tag186
channel_186,tag186,tag187
channel_187,tag187,tag188
channel_188,tag188,tag189
channel_189,tag189,tag190
channel_190,tag190,tag191
channel_191,tag191,tag192
channel_192,tag192,tag193
channel_193,tag193,tag194
channel_194,tag194,tag195
channel_195,tag195,tag196
channel_196,tag196,tag197
channel_197,tag197,tag198
channel_198,tag198,tag199
channel_199,tag199,tag200
channel_200,tag200,tag201
channel_201,tag201,tag202
channel_202,tag202,tag203
channel_203,tag203,tag204
channel_204,tag204,tag205
channel_205,tag205,tag206
channel_206,tag206,tag207
channel_207,tag207,tag208
channel_208,tag208,tag209
channel_209,tag209,tag210
channel_210,tag210,tag211
channel_211,tag211,tag212
channel_212,tag212,tag213
channel_213,tag213,tag214
channel_214,tag214,tag215
channel_215,tag215,tag216
channel_216,tag216,tag217
channel_217,tag217,tag218
channel_218,tag218,tag219
channel_219,tag219,tag220
channel_220,tag220,tag221
channel_221,tag221,tag222
channel_222,tag222,tag223
channel_223,tag223,tag224
channel_224,tag224,tag225
channel_225,tag225,tag226
channel_226,tag226,tag227
channel_227,tag227,tag228
channel_228,tag228,tag229
channel_229,tag229,tag230
channel_230,tag230,tag231
channel_231,tag231,tag232
channel_232,tag232,tag233
channel_233,tag233,tag234
channel_234,tag234,tag235
channel_235,tag235,tag236
channel_236,tag236,tag237
channel_237,tag237,tag238
channel_238,tag238,tag239
channel_239,tag239,tag240
channel_240,tag240,tag241
channel_241,tag241,tag242
channel_242,tag242,tag243
channel_243,tag243,tag244
channel_244,tag244,tag245
channel_245,tag245,tag246
channel_246,tag246,tag247
channel_247,tag247,tag248
channel_248,tag248,tag249
channel_249,tag249,tag250
channel_250,tag250,tag251
channel_251,tag251,tag252
channel_252,tag252,tag253
channel_253,tag253,tag254
channel_254,tag254,tag255
channel_255,tag255,tag256
channel_256,tag256,tag257
channel_257,tag257,tag258
channel_258,tag258,tag259
channel_259,tag259,tag260
channel_260,tag260,tag261
channel_261,tag261,tag262
channel_262,tag262,tag263
channel_263,tag263,tag264
channel_264,tag264,tag265
channel_265,tag265,tag266
channel_266,tag266,tag267
channel_267,tag267,tag268
channel_268,tag268,tag269
channel_269,tag269,tag270
channel_270,tag270,tag271
channel_271,tag271,tag272
channel_272,tag272,tag273
channel_273,tag273,tag274
channel_274,tag274,tag275
channel_275,tag275,tag276
channel_276,tag276,tag277
channel_277,tag277,tag278
channel_278,tag278,tag279
channel_279,tag279,tag280
channel_280,tag280,tag281
channel_281,tag281,tag282
channel_282,tag282,tag283
channel_283,tag283,tag284
channel_284,tag284,tag285
channel_285,tag285,tag286
channel_286,tag286,tag287
channel_287,tag287,tag288
channel_288,tag288,tag289
channel_289,tag289,tag290
channel_290,tag290,tag291
channel_291,tag291,tag292
channel_292,tag292,tag293
channel_293,tag293,tag294
channel_294,tag294,tag295
channel_295,tag295,tag296
channel_296,tag296,tag297
channel_297,tag297,tag298
channel_298,tag298,tag299
channel_299,tag299,tag300
channel_300,tag300,tag301
channel_301,tag301,tag302
channel_302,tag302,tag303
channel_303,tag303,tag304
channel_304,tag304,tag305
channel_305,tag305,tag306
channel_306,tag306,tag307
channel_307,tag307,tag308
channel_308,tag308,tag309
channel_309,tag309,tag310
channel_310,tag310,tag311
channel_311,tag311,tag312
channel_312,tag312,tag313
channel_313,tag313,tag314
channel_314,tag314,tag315
channel_315,tag315,tag316
channel_316,tag316,tag317
channel_317,tag317,tag318
channel_318,tag318,tag319
channel_319,tag319,tag320
channel_320,tag320,tag321
channel_321,tag321,tag322
channel_322,tag322,tag323
channel_323,tag323,tag324
channel_324,tag324,tag325
channel_325,tag325,tag326
channel_326,tag326,tag327
channel_327,tag327,tag328
channel_328,tag328,tag329
channel_329,tag329,tag330
channel_330,tag330,tag331
channel_331,tag331,tag332
channel_332,tag332,tag333
channel_333,tag333,tag334
channel_334,tag334,tag335
channel_335,tag335,tag336
channel_336,tag336,tag337
channel_337,tag337,tag338
channel_338,tag338,tag339
channel_339,tag339,tag340
channel_340,tag340,tag341
channel_341,tag341,tag342
channel_342,tag342,tag343
channel_343,tag343,tag344
channel_344,tag344,tag345
channel_345,tag345,tag346
channel_346,tag346,tag347
channel_347,tag347,tag348
channel_348,tag348,tag349
channel_349,tag349,tag350
channel_350,tag350,tag351
channel_351,tag351,tag352
channel_352,tag352,tag353
channel_353,tag353,tag354
channel_354,tag354,tag355
channel_355,tag355,tag356
channel_356,tag356,tag357
channel_357,tag357,tag358
channel_358,tag358,tag359
channel_359,tag359,tag360
channel_360,tag360,tag361
channel_361,tag361,tag362
channel_362,tag362,tag363
channel_363,tag363,tag364
channel_364,tag364,tag365
channel_365,tag365,tag366
channel_366,tag366,tag367
channel_367,tag367,tag368
channel_368,tag368,tag369
channel_369,tag369,tag370
channel_370,tag370,tag371
channel_371,tag371,tag372
channel_372,tag372,tag373
channel_373,tag373,tag374
channel_374,tag374,tag375
channel_375,tag375,tag376
channel_376,tag376,tag377
channel_377,tag377,tag378
channel_378,tag378,tag379
channel_379,tag379,tag380
channel_380,tag380,tag381
channel_381,tag381,tag382
channel_382,tag382,tag383
channel_383,tag383,tag384
channel_384,tag384,tag385
channel_385,tag385,tag386
channel_386,tag386,tag387
channel_387,tag387,tag388
channel_388,tag388,tag389
channel_389,tag389,tag390
channel_390,tag390,tag391
channel_391,tag391,tag392
channel_392,tag392,tag393
channel_393,tag393,tag394
channel_394,tag394,tag395
channel_395,tag395,tag396
channel_396,tag396,tag397
channel_397,tag397,tag398
channel_398,tag398,tag399
channel_399,tag399,tag400
channel_400,tag400,tag401
channel_401,tag401,tag402
channel_402,tag402,tag403
channel_403,tag403,tag404
channel_404,tag404,tag405
channel_405,tag405,tag406
channel_406,tag406,tag407
channel_407,tag407,tag408
channel_408,tag408,tag409
channel_409,tag409,tag410
channel_410,tag410,tag411
channel_411,tag411,tag412
channel_412,tag412,tag413
channel_413,tag413,tag414
channel_414,tag414,tag415
channel_415,tag415,tag416
channel_416,tag416,tag417
channel_417,tag417,tag418
channel_418,tag418,tag419
channel_419,tag419,tag420
channel_420,tag420,tag421
channel_421,tag421,tag422
channel_422,tag422,tag423
channel_423,tag423,tag424
channel_424,tag424,tag425
channel_425,tag425,tag426
channel_426,tag426,tag427
channel_427,tag427,tag428
channel_428,tag428,tag429
channel_429,tag429,tag430
channel_430,tag430,tag431
channel_431,tag431,tag432
channel_432,tag432,tag433
channel_433,tag433,tag434
channel_434,tag434,tag435
channel_435,tag435,tag436
channel_436,tag436,tag437
channel_437,tag437,tag438
channel_438,tag438,tag439
channel_439,tag439,tag440
channel_440,tag440,tag441
channel_441,tag441,tag442
channel_442,tag442,tag443
channel_443,tag443,tag444
channel_444,tag444,tag445
channel_445,tag445,tag446
channel_446,tag446,tag447
channel_447,tag447,tag448
channel_448,tag448,tag449
channel_449,tag449,tag450
channel_450,tag450,tag451
channel_451,tag451,tag452
channel_452,tag452,tag453
channel_453,tag453,tag454
channel_454,tag454,tag455
channel_455,tag455,tag456
channel_456,tag456,tag457
channel_457,tag457,tag458
channel_458,tag458,tag459
channel_459,tag459,tag460
channel_460,tag460,tag461
channel_461,tag461,tag462
channel_462,tag462,tag463
channel_463,tag463,tag464
channel_464,tag464,tag465
channel_465,tag465,tag466
channel_466,tag466,tag467
channel_467,tag467,tag468
channel_468,tag468,tag469
channel_469,tag469,tag470
channel_470,tag470,tag471
channel_471,tag471,tag472
channel_472,tag472,tag473
channel_473,tag473,tag474
channel_474,tag474,tag475
channel_475,tag475,tag476
channel_476,tag476,tag477
channel_477,tag477,tag478
channel_478,tag478,tag479
channel_479,tag479,tag480
channel_480,tag480,tag481
channel_481,tag481,tag482
channel_482,tag482,tag483
channel_483,tag483,tag484
channel_484,tag484,tag485
channel_485,tag485,tag486
channel_486,tag486,tag487
channel_487,tag487,tag488
channel_488,tag488,tag489
channel_489,tag489,tag490
channel_490,tag490,tag491
channel_491,tag491,tag492
channel_492,tag492,tag493
channel_493,tag493,tag494
channel_494,tag494,tag495
channel_495,tag495,tag496
channel_496,tag496,tag497
channel_497,tag497,tag498
channel_498,tag498,tag499
channel_499,tag499,tag500
channel_500,tag500,tag501
channel_501,tag501,tag502
channel_502,tag502,tag503
channel_503,tag503,tag504
channel_504,tag504,tag505
channel_505,tag505,tag506
channel_506,tag506,tag507
channel_507,tag507,tag508
channel_508,tag508,tag509
channel_509,tag509,tag510
channel_510,tag510,tag511
channel_511,tag511,tag512
channel_512,tag512,tag513
channel_513,tag513,tag514
channel_514,tag514,tag515
channel_515,tag515,tag516
channel_516,tag516,tag517
channel_517,tag517,tag518
channel_518,tag518,tag519
channel_519,tag519,tag520
channel_520,tag520,tag521
channel_521,tag521,tag522
channel_522,tag522,tag523
channel_523,tag523,tag524
channel_524,tag524,tag525
channel_525,tag525,tag526
channel_526,tag526,tag527
channel_527,tag527,tag528
channel_528,tag528,tag529
channel_529,tag529,tag530
channel_530,tag530,tag531
channel_531,tag531,tag532
channel_532,tag532,tag533
channel_533,tag533,tag534
channel_534,tag534,tag535
channel_535,tag535,tag536
channel_536,tag536,tag537
channel_537,tag537,tag538
channel_538,tag538,tag539
channel_539,tag539,tag540
channel_540,tag540,tag541
channel_541,tag541,tag542
channel_542,tag542,tag543
channel_543,tag543,tag544
channel_544,tag544,tag545
channel_545,tag545,tag546
channel_546,tag546,tag547
channel_547,tag547,tag548
channel_548,tag548,tag549
channel_549,tag549,tag550
channel_550,tag550,tag551
channel_551,tag551,tag552
channel_552,tag552,tag553
channel_553,tag553,tag554
channel_554,tag554,tag555
channel_555,tag555,tag556
channel_556,tag556,tag557
channel_557,tag557,tag558
channel_558,tag558,tag559
channel_559,tag559,tag560
channel_560,tag560,tag561
channel_561,tag561,tag562
channel_562,tag562,tag563
channel_563,tag563,tag564
channel_564,tag564,tag565
channel_565,tag565,tag566
channel_566,tag566,tag567
channel_567,tag567,tag568
channel_568,tag568,tag569
channel_569,tag569,tag570
channel_570,tag570,tag571
channel_571,tag571,tag572
channel_572,tag572,tag573
channel_573,tag573,tag574
channel_574,tag574,tag575
channel_575,tag575,tag576
channel_576,tag576,tag577
channel_577,tag577,tag578
channel_578,tag578,tag579
channel_579,tag579,tag580
channel_580,tag580,tag581
channel_581,tag581,tag582
channel_582,tag582,tag583
channel_583,tag583,tag584
channel_584,tag584,tag585
channel_585,tag585,tag586
channel_586,tag586,tag587
channel_587,tag587,tag588
channel_588,tag588,tag589
channel_589,tag589,tag590
channel_590,tag590,tag591
channel_591,tag591,tag592
channel_592,tag592,tag593
channel_593,tag593,tag594
channel_594,tag594,tag595
channel_595,tag595,tag596
channel_596,tag596,tag597
channel_597,tag597,tag598
channel_598,tag598,tag599
channel_599,tag599,tag600
channel_600,tag600,tag601
channel_601,tag601,tag602
channel_602,tag602,tag603
channel_603,tag603,tag604
channel_604,tag604,tag605
channel_605,tag605,tag606
channel_606,tag606,tag607
channel_607,tag607,tag608
channel_608,tag608,tag609
channel_609,tag609,tag610
channel_610,tag610,tag611
channel_611,tag611,tag612
channel_612,tag612,tag613
channel_613,tag613,tag614
channel_614,tag614,tag615
channel_615,tag615,tag616
channel_616,tag616,tag617
channel_617,tag617,tag618
channel_618,tag618,tag619
channel_619,tag619,tag620
channel_620,tag620,tag621
channel_621,tag621,tag622
channel_622,tag622,tag623
channel_623,tag623,tag624
channel_624,tag624,tag625
channel_625,tag625,tag626
channel_626,tag626,tag627
channel_627,tag627,tag628
channel_628,tag628,tag629
channel_629,tag629,tag630
channel_630,tag630,tag631
channel_631,tag631,tag632
channel_632,tag632,tag633
channel_633,tag633,tag634
channel_634,tag634,tag635
channel_635,tag635,tag636
channel_636,tag636,tag637
channel_637,tag637,tag638
channel_638,tag638,tag639
channel_639,tag639,tag640
channel_640,tag640,tag641
channel_641,tag641,tag642
channel_642,tag642,tag643
channel_643,tag643,tag644
channel_644,tag644,tag645
channel_645,tag645,tag646
channel_646,tag646,tag647
channel_647,tag647,tag648
channel_648,tag648,tag649
channel_649,tag649,tag650
channel_650,tag650,tag651
channel_651,tag651,tag652
channel_652,tag652,tag653
channel_653,tag653,tag654
channel_654,tag654,tag655
channel_655,tag655,tag656
channel_656,tag656,tag657
channel_657,tag657,tag658
channel_658,tag658,tag659
channel_659,tag659,tag660
channel_660,tag660,tag661
channel_661,tag661,tag662
channel_662,tag662,tag663
channel_663,tag663,tag664
channel_664,tag664,tag665
channel_665,tag665,tag666
channel_666,tag666,tag667
channel_667,tag667,tag668
channel_668,tag668,tag669
channel_669,tag669,tag670
channel_670,tag670,tag671
channel_671,tag671,tag672
channel_672,tag672,tag673
channel_673,tag673,tag674
channel_674,tag674,tag675
channel_675,tag675,tag676
channel_676,tag676,tag677
channel_677,tag677,tag678
channel_678,tag678,tag679
channel_679,tag679,tag680
channel_680,tag680,tag681
channel_681,tag681,tag682
channel_682,tag682,tag683
channel_683,tag683,tag684
channel_684,tag684,tag685
channel_685,tag685,tag686
channel_686,tag686,tag687
channel_687,tag687,tag688
channel_688,tag688,tag689
channel_689,tag689,tag690
channel_690,tag690,tag691
channel_691,tag691,tag692
channel_692,tag692,tag693
channel_693,tag693,tag694
channel_694,tag694,tag695
channel_695,tag695,tag696
channel_696,tag696,tag697
channel_697,tag697,tag698
channel_698,tag698,tag699
channel_699,tag699,tag700
channel_700,tag700,tag701
channel_701,tag701,tag702
channel_702,tag702,tag703
channel_703,tag703,tag704
channel_704,tag704,tag705
channel_705,tag705,tag706
channel_706,tag706,tag707
channel_707,tag707,tag708
channel_708,tag708,tag709
channel_709,tag709,tag710
channel_710,tag710,tag711
channel_711,tag711,tag712
channel_712,tag712,tag713
channel_713,tag713,tag714
channel_714,tag714,tag715
channel_715,tag715,tag716
channel_716,tag716,tag717
channel_717,tag717,tag718
channel_718,tag718,tag719
channel_719,tag719,tag720
channel_720,tag720,tag721
channel_721,tag721,tag722
channel_722,tag722,tag723
channel_723,tag723,tag724
channel_724,tag724,tag725
channel_725,tag725,tag726
channel_726,tag726,tag727
channel_727,tag727,tag728
channel_728,tag728,tag729
channel_729,tag729,tag730
channel_730,tag730,tag731
channel_731,tag731,tag732
channel_732,tag732,tag733
channel_733,tag733,tag734
channel_734,tag734,tag735
channel_735,tag735,tag736
channel_736,tag736,tag737
channel_737,tag737,tag738
channel_738,tag738,tag739
channel_739,tag739,tag740
channel_740,tag740,tag741
channel_741,tag741,tag742
channel_742,tag742,tag743
channel_743,tag743,tag744
channel_744,tag744,tag745
channel_745,tag745,tag746
channel_746,tag746,tag747
channel_747,tag747,tag748
channel_748,tag748,tag749
channel_749,tag749,tag750
channel_750,tag750,tag751
channel_751,tag751,tag752
channel_752,tag752,tag753
channel_753,tag753,tag754
channel_754,tag754,tag755
channel_755,tag755,tag756
channel_756,tag756,tag757
channel_757,tag757,tag758
channel_758,tag758,tag759
channel_759,tag759,tag760
channel_760,tag760,tag761
channel_761,tag761,tag762
channel_762,tag762,tag763
channel_763,tag763,tag764
channel_764,tag764,tag765
channel_765,tag765,tag766
channel_766,tag766,tag767
channel_767,tag767,tag768
channel_768,tag768,tag769
channel_769,tag769,tag770
channel_770,tag770,tag771
channel_771,tag771,tag772
channel_772,tag772,tag773
channel_773,tag773,tag774
channel_774,tag774,tag775
channel_775,tag775,tag776
channel_776,tag776,tag777
channel_777,tag777,tag778
channel_778,tag778,tag779
channel_779,tag779,tag780
channel_780,tag780,tag781
channel_781,tag781,tag782
channel_782,tag782,tag783
channel_783,tag783,tag784
channel_784,tag784,tag785
channel_785,tag785,tag786
channel_786,tag786,tag787
channel_787,tag787,tag788
channel_788,tag788,tag789
channel_789,tag789,tag790
channel_790,tag790,tag791
channel_791,tag791,tag792
channel_792,tag792,tag793
channel_793,tag793,tag794
channel_794,tag794,tag795
channel_795,tag795,tag796
channel_796,tag796,tag797
channel_797,tag797,tag798
channel_798,tag798,tag799
channel_799,tag799,tag800
channel_800,tag800,tag801
channel_801,tag801,tag802
channel_802,tag802,tag803
channel_803,tag803,tag804
channel_804,tag804,tag805
channel_805,tag805,tag806
channel_806,tag806,tag807
channel_807,tag807,tag808
channel_808,tag808,tag809
channel_809,tag809,tag810
channel_810,tag810,tag811
channel_811,tag811,tag812
channel_812,tag812,tag813
channel_813,tag813,tag814
channel_814,tag814,tag815
channel_815,tag815,tag816
channel_816,tag816,tag817
channel_817,tag817,tag818
channel_818,tag818,tag819
channel_819,tag819,tag820
channel_820,tag820,tag821
channel_821,tag821,tag822
channel_822,tag822,tag823
channel_823,tag823,tag824
channel_824,tag824,tag825
channel_825,tag825,tag826
channel_826,tag826,tag827
channel_827,tag827,tag828
channel_828,tag828,tag829
channel_829,tag829,tag830
channel_830,tag830,tag831
channel_831,tag831,tag832
channel_832,tag832,tag833
channel_833,tag833,tag834
channel_834,tag834,tag835
channel_835,tag835,tag836
channel_836,tag836,tag837
channel_837,tag837,tag838
channel_838,tag838,tag839
channel_839,tag839,tag840
channel_840,tag840,tag841
channel_841,tag841,tag842
channel_842,tag842,tag843
channel_843,tag843,tag844
channel_844,tag844,tag845
channel_845,tag845,tag846
channel_846,tag846,tag847
channel_847,tag847,tag848
channel_848,tag848,tag849
channel_849,tag849,tag850
channel_850,tag850,tag851
channel_851,tag851,tag852
channel_852,tag852,tag853
channel_853,tag853,tag854
channel_854,tag854,tag855
channel_855,tag855,tag856
channel_856,tag856,tag857
channel_857,tag857,tag858
channel_858,tag858,tag859
channel_859,tag859,tag860
channel_860,tag860,tag861
channel_861,tag861,tag862
channel_862,tag862,tag863
channel_863,tag863,tag864
channel_864,tag864,tag865
channel_865,tag865,tag866
channel_866,tag866,tag867
channel_867,tag867,tag868
channel_868,tag868,tag869
channel_869,tag869,tag870
channel_870,tag870,tag871
channel_871,tag871,tag872
channel_872,tag872,tag873
channel_873,tag873,tag874
channel_874,tag874,tag875
channel_875,tag875,tag876
channel_876,tag876,tag877
channel_877,tag877,tag878
channel_878,tag878,tag879
channel_879,tag879,tag880
channel_880,tag880,tag881
channel_881,tag881,tag882
channel_882,tag882,tag883
channel_883,tag883,tag884
channel_884,tag884,tag885
channel_885,tag885,tag886
channel_886,tag886,tag887
channel_887,tag887,tag888
channel_888,tag888,tag889
channel_889,tag889,tag890
channel_890,tag890,tag891
channel_891,tag891,tag892
channel_892,tag892,tag893
channel_893,tag893,tag894
channel_894,tag894,tag895
channel_895,tag895,tag896
channel_896,tag896,tag897
channel_897,tag897,tag898
channel_898,tag898,tag899
channel_899,tag899,tag900
channel_900,tag900,tag901
channel_901,tag901,tag902
channel_902,tag902,tag903
channel_903,tag903,tag904
channel_904,tag904,tag905
channel_905,tag905,tag906
channel_906,tag906,tag907
channel_907,tag907,tag908
channel_908,tag908,tag909
channel_909,tag909,tag910
channel_910,tag910,tag911
channel_911,tag911,tag912
channel_912,tag912,tag913
channel_913,tag913,tag914
channel_914,tag914,tag915
channel_915,tag915,tag916
channel_916,tag916,tag917
channel_917,tag917,tag918
channel_918,tag918,tag919
channel_919,tag919,tag920
channel_920,tag920,tag921
channel_921,tag921,tag922
channel_922,tag922,tag923
channel_923,tag923,tag924
channel_924,tag924,tag925
channel_925,tag925,tag926
channel_926,tag926,tag927
channel_927,tag927,tag928
channel_928,tag928,tag929
channel_929,tag929,tag930
channel_930,tag930,tag931
channel_931,tag931,tag932
channel_932,tag932,tag933
channel_933,tag933,tag934
channel_934,tag934,tag935
channel_935,tag935,tag936
channel_936,tag936,tag937
channel_937,tag937,tag938
channel_938,tag938,tag939
channel_939,tag939,tag940
channel_940,tag940,tag941
channel_941,tag941,tag942
channel_942,tag942,tag943
channel_943,tag943,tag944
channel_944,tag944,tag945
channel_945,tag945,tag946
channel_946,tag946,tag947
channel_947,tag947,tag948
channel_948,tag948,tag949
channel_949,tag949,tag950
channel_950,tag950,tag951
channel_951,tag951,tag952
channel_952,tag952,tag953
channel_953,tag953,tag954
channel_954,tag954,tag955
channel_955,tag955,tag956
channel_956,tag956,tag957
channel_957,tag957,tag958
channel_958,tag958,tag959
channel_959,tag959,tag960
channel_960,tag960,tag961
channel_961,tag961,tag962
channel_962,tag962,tag963
channel_963,tag963,tag964
channel_964,tag964,tag965
channel_965,tag965,tag966
channel_966,tag966,tag967
channel_967,tag967,tag968
channel_968,tag968,tag969
channel_969,tag969,tag970
channel_970,tag970,tag971
channel_971,tag971,tag972
channel_972,tag972,tag973
channel_973,tag973,tag974
channel_974,tag974,tag975
channel_975,tag975,tag976
channel_976,tag976,tag977
channel_977,tag977,tag978
channel_978,tag978,tag979
channel_979,tag979,tag980
channel_980,tag980,tag981
channel_981,tag981,tag982
channel_982,tag982,tag983
channel_983,tag983,tag984
channel_984,tag984,tag985
channel_985,tag985,tag986
channel_986,tag986,tag987
channel_987,tag987,tag988
channel_988,tag988,tag989
channel_989,tag989,tag990
channel_990,tag990,tag991
channel_991,tag991,tag992
channel_992,tag992,tag993
channel_993,tag993,tag994
channel_994,tag994,tag995
channel_995,tag995,tag996
channel_996,tag996,tag997
channel_997,tag997,tag998
channel_998,tag998,tag999
channel_999,tag999,tag1000
