ni.var.io://localhost/Variable1,Read from HW,Double,tag0
ni.var.io://localhost/Variable2,Read from HW,Double,tag1
ni.var.io://localhost/Variable3,Read from HW,Double,tag2
ni.var.io://localhost/Variable4,Read from HW,Double,tag3
ni.var.io://localhost/Variable5,Read from HW,Double,tag4
ni.var.io://localhost/Variable6,Read from HW,Double,tag5
ni.var.io://localhost/Variable7,Read from HW,Double,tag6
ni.var.io://localhost/Variable8,Read from HW,Double,tag7
ni.var.io://localhost/Variable9,Read from HW,Double,tag8
ni.var.io://localhost/Variable10,Read from HW,Double,tag9
ni.var.io://localhost/Variable11,Read from HW,Double,tag10
ni.var.io://localhost/Variable12,Read from HW,Double,tag11
ni.var.io://localhost/Variable13,Read from HW,Double,tag12
ni.var.io://localhost/Variable14,Read from HW,Double,tag13
ni.var.io://localhost/Variable15,Read from HW,Double,tag14
ni.var.io://localhost/Variable16,Read from HW,Double,tag15
ni.var.io://localhost/Variable17,Read from HW,Double,tag16
ni.var.io://localhost/Variable18,Read from HW,Double,tag17
ni.var.io://localhost/Variable19,Read from HW,Double,tag18
ni.var.io://localhost/Variable20,Read from HW,Double,tag19
ni.var.io://localhost/Variable21,Read from HW,Double,tag20
ni.var.io://localhost/Variable22,Read from HW,Double,tag21
ni.var.io://localhost/Variable23,Read from HW,Double,tag22
ni.var.io://localhost/Variable24,Read from HW,Double,tag23
ni.var.io://localhost/Variable25,Read from HW,Double,tag24
ni.var.io://localhost/Variable26,Read from HW,Double,tag25
ni.var.io://localhost/Variable27,Read from HW,Double,tag26
ni.var.io://localhost/Variable28,Read from HW,Double,tag27
ni.var.io://localhost/Variable29,Read from HW,Double,tag28
ni.var.io://localhost/Variable30,Read from HW,Double,tag29
ni.var.io://localhost/Variable31,Read from HW,Double,tag30
ni.var.io://localhost/Variable32,Read from HW,Double,tag31
ni.var.io://localhost/Variable33,Read from HW,Double,tag32
ni.var.io://localhost/Variable34,Read from HW,Double,tag33
ni.var.io://localhost/Variable35,Read from HW,Double,tag34
ni.var.io://localhost/Variable36,Read from HW,Double,tag35
ni.var.io://localhost/Variable37,Read from HW,Double,tag36
ni.var.io://localhost/Variable38,Read from HW,Double,tag37
ni.var.io://localhost/Variable39,Read from HW,Double,tag38
ni.var.io://localhost/Variable40,Read from HW,Double,tag39
ni.var.io://localhost/Variable41,Read from HW,Double,tag40
ni.var.io://localhost/Variable42,Read from HW,Double,tag41
ni.var.io://localhost/Variable43,Read from HW,Double,tag42
ni.var.io://localhost/Variable44,Read from HW,Double,tag43
ni.var.io://localhost/Variable45,Read from HW,Double,tag44
ni.var.io://localhost/Variable46,Read from HW,Double,tag45
ni.var.io://localhost/Variable47,Read from HW,Double,tag46
ni.var.io://localhost/Variable48,Read from HW,Double,tag47
ni.var.io://localhost/Variable49,Read from HW,Double,tag48
ni.var.io://localhost/Variable50,Read from HW,Double,tag49
ni.var.io://localhost/Variable51,Read from HW,Double,tag50
ni.var.io://localhost/Variable52,Read from HW,Double,tag51
ni.var.io://localhost/Variable53,Read from HW,Double,tag52
ni.var.io://localhost/Variable54,Read from HW,Double,tag53
ni.var.io://localhost/Variable55,Read from HW,Double,tag54
ni.var.io://localhost/Variable56,Read from HW,Double,tag55
ni.var.io://localhost/Variable57,Read from HW,Double,tag56
ni.var.io://localhost/Variable58,Read from HW,Double,tag57
ni.var.io://localhost/Variable59,Read from HW,Double,tag58
ni.var.io://localhost/Variable60,Read from HW,Double,tag59
ni.var.io://localhost/Variable61,Read from HW,Double,tag60
ni.var.io://localhost/Variable62,Read from HW,Double,tag61
ni.var.io://localhost/Variable63,Read from HW,Double,tag62
ni.var.io://localhost/Variable64,Read from HW,Double,tag63
ni.var.io://localhost/Variable65,Read from HW,Double,tag64
ni.var.io://localhost/Variable66,Read from HW,Double,tag65
ni.var.io://localhost/Variable67,Read from HW,Double,tag66
ni.var.io://localhost/Variable68,Read from HW,Double,tag67
ni.var.io://localhost/Variable69,Read from HW,Double,tag68
ni.var.io://localhost/Variable70,Read from HW,Double,tag69
ni.var.io://localhost/Variable71,Read from HW,Double,tag70
ni.var.io://localhost/Variable72,Read from HW,Double,tag71
ni.var.io://localhost/Variable73,Read from HW,Double,tag72
ni.var.io://localhost/Variable74,Read from HW,Double,tag73
ni.var.io://localhost/Variable75,Read from HW,Double,tag74
ni.var.io://localhost/Variable76,Read from HW,Double,tag75
ni.var.io://localhost/Variable77,Read from HW,Double,tag76
ni.var.io://localhost/Variable78,Read from HW,Double,tag77
ni.var.io://localhost/Variable79,Read from HW,Double,tag78
ni.var.io://localhost/Variable80,Read from HW,Double,tag79
ni.var.io://localhost/Variable81,Read from HW,Double,tag80
ni.var.io://localhost/Variable82,Read from HW,Double,tag81
ni.var.io://localhost/Variable83,Read from HW,Double,tag82
ni.var.io://localhost/Variable84,Read from HW,Double,tag83
ni.var.io://localhost/Variable85,Read from HW,Double,tag84
ni.var.io://localhost/Variable86,Read from HW,Double,tag85
ni.var.io://localhost/Variable87,Read from HW,Double,tag86
ni.var.io://localhost/Variable88,Read from HW,Double,tag87
ni.var.io://localhost/Variable89,Read from HW,Double,tag88
ni.var.io://localhost/Variable90,Read from HW,Double,tag89
ni.var.io://localhost/Variable91,Read from HW,Double,tag90
ni.var.io://localhost/Variable92,Read from HW,Double,tag91
ni.var.io://localhost/Variable93,Read from HW,Double,tag92
ni.var.io://localhost/Variable94,Read from HW,Double,tag93
ni.var.io://localhost/Variable95,Read from HW,Double,tag94
ni.var.io://localhost/Variable96,Read from HW,Double,tag95
ni.var.io://localhost/Variable97,Read from HW,Double,tag96
ni.var.io://localhost/Variable98,Read from HW,Double,tag97
ni.var.io://localhost/Variable99,Read from HW,Double,tag98
ni.var.io://localhost/Variable100,Read from HW,Double,tag99
ni.var.io://localhost/Variable101,Read from HW,Double,tag100
ni.var.io://localhost/Variable102,Read from HW,Double,tag101
ni.var.io://localhost/Variable103,Read from HW,Double,tag102
ni.var.io://localhost/Variable104,Read from HW,Double,tag103
ni.var.io://localhost/Variable105,Read from HW,Double,tag104
ni.var.io://localhost/Variable106,Read from HW,Double,tag105
ni.var.io://localhost/Variable107,Read from HW,Double,tag106
ni.var.io://localhost/Variable108,Read from HW,Double,tag107
ni.var.io://localhost/Variable109,Read from HW,Double,tag108
ni.var.io://localhost/Variable110,Read from HW,Double,tag109
ni.var.io://localhost/Variable111,Read from HW,Double,tag110
ni.var.io://localhost/Variable112,Read from HW,Double,tag111
ni.var.io://localhost/Variable113,Read from HW,Double,tag112
ni.var.io://localhost/Variable114,Read from HW,Double,tag113
ni.var.io://localhost/Variable115,Read from HW,Double,tag114
ni.var.io://localhost/Variable116,Read from HW,Double,tag115
ni.var.io://localhost/Variable117,Read from HW,Double,tag116
ni.var.io://localhost/Variable118,Read from HW,Double,tag117
ni.var.io://localhost/Variable119,Read from HW,Double,tag118
ni.var.io://localhost/Variable120,Read from HW,Double,tag119
ni.var.io://localhost/Variable121,Read from HW,Double,tag120
ni.var.io://localhost/Variable122,Read from HW,Double,tag121
ni.var.io://localhost/Variable123,Read from HW,Double,tag122
ni.var.io://localhost/Variable124,Read from HW,Double,tag123
ni.var.io://localhost/Variable125,Read from HW,Double,tag124
ni.var.io://localhost/Variable126,Read from HW,Double,tag125
ni.var.io://localhost/Variable127,Read from HW,Double,tag126
ni.var.io://localhost/Variable128,Read from HW,Double,tag127
ni.var.io://localhost/Variable129,Read from HW,Double,tag128
ni.var.io://localhost/Variable130,Read from HW,Double,tag129
ni.var.io://localhost/Variable131,Read from HW,Double,tag130
ni.var.io://localhost/Variable132,Read from HW,Double,tag131
ni.var.io://localhost/Variable133,Read from HW,Double,tag132
ni.var.io://localhost/Variable134,Read from HW,Double,tag133
ni.var.io://localhost/Variable135,Read from HW,Double,tag134
ni.var.io://localhost/Variable136,Read from HW,Double,tag135
ni.var.io://localhost/Variable137,Read from HW,Double,tag136
ni.var.io://localhost/Variable138,Read from HW,Double,tag137
ni.var.io://localhost/Variable139,Read from HW,Double,tag138
ni.var.io://localhost/Variable140,Read from HW,Double,tag139
ni.var.io://localhost/Variable141,Read from HW,Double,tag140
ni.var.io://localhost/Variable142,Read from HW,Double,tag141
ni.var.io://localhost/Variable143,Read from HW,Double,tag142
ni.var.io://localhost/Variable144,Read from HW,Double,tag143
ni.var.io://localhost/Variable145,Read from HW,Double,tag144
ni.var.io://localhost/Variable146,Read from HW,Double,tag145
ni.var.io://localhost/Variable147,Read from HW,Double,tag146
ni.var.io://localhost/Variable148,Read from HW,Double,tag147
ni.var.io://localhost/Variable149,Read from HW,Double,tag148
ni.var.io://localhost/Variable150,Read from HW,Double,tag149
ni.var.io://localhost/Variable151,Read from HW,Double,tag150
ni.var.io://localhost/Variable152,Read from HW,Double,tag151
ni.var.io://localhost/Variable153,Read from HW,Double,tag152
ni.var.io://localhost/Variable154,Read from HW,Double,tag153
ni.var.io://localhost/Variable155,Read from HW,Double,tag154
ni.var.io://localhost/Variable156,Read from HW,Double,tag155
ni.var.io://localhost/Variable157,Read from HW,Double,tag156
ni.var.io://localhost/Variable158,Read from HW,Double,tag157
ni.var.io://localhost/Variable159,Read from HW,Double,tag158
ni.var.io://localhost/Variable160,Read from HW,Double,tag159
ni.var.io://localhost/Variable161,Read from HW,Double,tag160
ni.var.io://localhost/Variable162,Read from HW,Double,tag161
ni.var.io://localhost/Variable163,Read from HW,Double,tag162
ni.var.io://localhost/Variable164,Read from HW,Double,tag163
ni.var.io://localhost/Variable165,Read from HW,Double,tag164
ni.var.io://localhost/Variable166,Read from HW,Double,tag165
ni.var.io://localhost/Variable167,Read from HW,Double,tag166
ni.var.io://localhost/Variable168,Read from HW,Double,tag167
ni.var.io://localhost/Variable169,Read from HW,Double,tag168
ni.var.io://localhost/Variable170,Read from HW,Double,tag169
ni.var.io://localhost/Variable171,Read from HW,Double,tag170
ni.var.io://localhost/Variable172,Read from HW,Double,tag171
ni.var.io://localhost/Variable173,Read from HW,Double,tag172
ni.var.io://localhost/Variable174,Read from HW,Double,tag173
ni.var.io://localhost/Variable175,Read from HW,Double,tag174
ni.var.io://localhost/Variable176,Read from HW,Double,tag175
ni.var.io://localhost/Variable177,Read from HW,Double,tag176
ni.var.io://localhost/Variable178,Read from HW,Double,tag177
ni.var.io://localhost/Variable179,Read from HW,Double,tag178
ni.var.io://localhost/Variable180,Read from HW,Double,tag179
ni.var.io://localhost/Variable181,Read from HW,Double,tag180
ni.var.io://localhost/Variable182,Read from HW,Double,tag181
ni.var.io://localhost/Variable183,Read from HW,Double,tag182
ni.var.io://localhost/Variable184,Read from HW,Double,tag183
ni.var.io://localhost/Variable185,Read from HW,Double,tag184
ni.var.io://localhost/Variable186,Read from HW,Double,tag185
ni.var.io://localhost/Variable187,Read from HW,Double,tag186
ni.var.io://localhost/Variable188,Read from HW,Double,tag187
ni.var.io://localhost/Variable189,Read from HW,Double,tag188
ni.var.io://localhost/Variable190,Read from HW,Double,tag189
ni.var.io://localhost/Variable191,Read from HW,Double,tag190
ni.var.io://localhost/Variable192,Read from HW,Double,tag191
ni.var.io://localhost/Variable193,Read from HW,Double,tag192
ni.var.io://localhost/Variable194,Read from HW,Double,tag193
ni.var.io://localhost/Variable195,Read from HW,Double,tag194
ni.var.io://localhost/Variable196,Read from HW,Double,tag195
ni.var.io://localhost/Variable197,Read from HW,Double,tag196
ni.var.io://localhost/Variable198,Read from HW,Double,tag197
ni.var.io://localhost/Variable199,Read from HW,Double,tag198
ni.var.io://localhost/Variable200,Read from HW,Double,tag199
ni.var.io://localhost/Variable201,Read from HW,Double,tag200
ni.var.io://localhost/Variable202,Read from HW,Double,tag201
ni.var.io://localhost/Variable203,Read from HW,Double,tag202
ni.var.io://localhost/Variable204,Read from HW,Double,tag203
ni.var.io://localhost/Variable205,Read from HW,Double,tag204
ni.var.io://localhost/Variable206,Read from HW,Double,tag205
ni.var.io://localhost/Variable207,Read from HW,Double,tag206
ni.var.io://localhost/Variable208,Read from HW,Double,tag207
ni.var.io://localhost/Variable209,Read from HW,Double,tag208
ni.var.io://localhost/Variable210,Read from HW,Double,tag209
ni.var.io://localhost/Variable211,Read from HW,Double,tag210
ni.var.io://localhost/Variable212,Read from HW,Double,tag211
ni.var.io://localhost/Variable213,Read from HW,Double,tag212
ni.var.io://localhost/Variable214,Read from HW,Double,tag213
ni.var.io://localhost/Variable215,Read from HW,Double,tag214
ni.var.io://localhost/Variable216,Read from HW,Double,tag215
ni.var.io://localhost/Variable217,Read from HW,Double,tag216
ni.var.io://localhost/Variable218,Read from HW,Double,tag217
ni.var.io://localhost/Variable219,Read from HW,Double,tag218
ni.var.io://localhost/Variable220,Read from HW,Double,tag219
ni.var.io://localhost/Variable221,Read from HW,Double,tag220
ni.var.io://localhost/Variable222,Read from HW,Double,tag221
ni.var.io://localhost/Variable223,Read from HW,Double,tag222
ni.var.io://localhost/Variable224,Read from HW,Double,tag223
ni.var.io://localhost/Variable225,Read from HW,Double,tag224
ni.var.io://localhost/Variable226,Read from HW,Double,tag225
ni.var.io://localhost/Variable227,Read from HW,Double,tag226
ni.var.io://localhost/Variable228,Read from HW,Double,tag227
ni.var.io://localhost/Variable229,Read from HW,Double,tag228
ni.var.io://localhost/Variable230,Read from HW,Double,tag229
ni.var.io://localhost/Variable231,Read from HW,Double,tag230
ni.var.io://localhost/Variable232,Read from HW,Double,tag231
ni.var.io://localhost/Variable233,Read from HW,Double,tag232
ni.var.io://localhost/Variable234,Read from HW,Double,tag233
ni.var.io://localhost/Variable235,Read from HW,Double,tag234
ni.var.io://localhost/Variable236,Read from HW,Double,tag235
ni.var.io://localhost/Variable237,Read from HW,Double,tag236
ni.var.io://localhost/Variable238,Read from HW,Double,tag237
ni.var.io://localhost/Variable239,Read from HW,Double,tag238
ni.var.io://localhost/Variable240,Read from HW,Double,tag239
ni.var.io://localhost/Variable241,Read from HW,Double,tag240
ni.var.io://localhost/Variable242,Read from HW,Double,tag241
ni.var.io://localhost/Variable243,Read from HW,Double,tag242
ni.var.io://localhost/Variable244,Read from HW,Double,tag243
ni.var.io://localhost/Variable245,Read from HW,Double,tag244
ni.var.io://localhost/Variable246,Read from HW,Double,tag245
ni.var.io://localhost/Variable247,Read from HW,Double,tag246
ni.var.io://localhost/Variable248,Read from HW,Double,tag247
ni.var.io://localhost/Variable249,Read from HW,Double,tag248
ni.var.io://localhost/Variable250,Read from HW,Double,tag249
ni.var.io://localhost/Variable251,Read from HW,Double,tag250
ni.var.io://localhost/Variable252,Read from HW,Double,tag251
ni.var.io://localhost/Variable253,Read from HW,Double,tag252
ni.var.io://localhost/Variable254,Read from HW,Double,tag253
ni.var.io://localhost/Variable255,Read from HW,Double,tag254
ni.var.io://localhost/Variable256,Read from HW,Double,tag255
ni.var.io://localhost/Variable257,Read from HW,Double,tag256
ni.var.io://localhost/Variable258,Read from HW,Double,tag257
ni.var.io://localhost/Variable259,Read from HW,Double,tag258
ni.var.io://localhost/Variable260,Read from HW,Double,tag259
ni.var.io://localhost/Variable261,Read from HW,Double,tag260
ni.var.io://localhost/Variable262,Read from HW,Double,tag261
ni.var.io://localhost/Variable263,Read from HW,Double,tag262
ni.var.io://localhost/Variable264,Read from HW,Double,tag263
ni.var.io://localhost/Variable265,Read from HW,Double,tag264
ni.var.io://localhost/Variable266,Read from HW,Double,tag265
ni.var.io://localhost/Variable267,Read from HW,Double,tag266
ni.var.io://localhost/Variable268,Read from HW,Double,tag267
ni.var.io://localhost/Variable269,Read from HW,Double,tag268
ni.var.io://localhost/Variable270,Read from HW,Double,tag269
ni.var.io://localhost/Variable271,Read from HW,Double,tag270
ni.var.io://localhost/Variable272,Read from HW,Double,tag271
ni.var.io://localhost/Variable273,Read from HW,Double,tag272
ni.var.io://localhost/Variable274,Read from HW,Double,tag273
ni.var.io://localhost/Variable275,Read from HW,Double,tag274
ni.var.io://localhost/Variable276,Read from HW,Double,tag275
ni.var.io://localhost/Variable277,Read from HW,Double,tag276
ni.var.io://localhost/Variable278,Read from HW,Double,tag277
ni.var.io://localhost/Variable279,Read from HW,Double,tag278
ni.var.io://localhost/Variable280,Read from HW,Double,tag279
ni.var.io://localhost/Variable281,Read from HW,Double,tag280
ni.var.io://localhost/Variable282,Read from HW,Double,tag281
ni.var.io://localhost/Variable283,Read from HW,Double,tag282
ni.var.io://localhost/Variable284,Read from HW,Double,tag283
ni.var.io://localhost/Variable285,Read from HW,Double,tag284
ni.var.io://localhost/Variable286,Read from HW,Double,tag285
ni.var.io://localhost/Variable287,Read from HW,Double,tag286
ni.var.io://localhost/Variable288,Read from HW,Double,tag287
ni.var.io://localhost/Variable289,Read from HW,Double,tag288
ni.var.io://localhost/Variable290,Read from HW,Double,tag289
ni.var.io://localhost/Variable291,Read from HW,Double,tag290
ni.var.io://localhost/Variable292,Read from HW,Double,tag291
ni.var.io://localhost/Variable293,Read from HW,Double,tag292
ni.var.io://localhost/Variable294,Read from HW,Double,tag293
ni.var.io://localhost/Variable295,Read from HW,Double,tag294
ni.var.io://localhost/Variable296,Read from HW,Double,tag295
ni.var.io://localhost/Variable297,Read from HW,Double,tag296
ni.var.io://localhost/Variable298,Read from HW,Double,tag297
ni.var.io://localhost/Variable299,Read from HW,Double,tag298
ni.var.io://localhost/Variable300,Read from HW,Double,tag299
ni.var.io://localhost/Variable301,Read from HW,Double,tag300
ni.var.io://localhost/Variable302,Read from HW,Double,tag301
ni.var.io://localhost/Variable303,Read from HW,Double,tag302
ni.var.io://localhost/Variable304,Read from HW,Double,tag303
ni.var.io://localhost/Variable305,Read from HW,Double,tag304
ni.var.io://localhost/Variable306,Read from HW,Double,tag305
ni.var.io://localhost/Variable307,Read from HW,Double,tag306
ni.var.io://localhost/Variable308,Read from HW,Double,tag307
ni.var.io://localhost/Variable309,Read from HW,Double,tag308
ni.var.io://localhost/Variable310,Read from HW,Double,tag309
ni.var.io://localhost/Variable311,Read from HW,Double,tag310
ni.var.io://localhost/Variable312,Read from HW,Double,tag311
ni.var.io://localhost/Variable313,Read from HW,Double,tag312
ni.var.io://localhost/Variable314,Read from HW,Double,tag313
ni.var.io://localhost/Variable315,Read from HW,Double,tag314
ni.var.io://localhost/Variable316,Read from HW,Double,tag315
ni.var.io://localhost/Variable317,Read from HW,Double,tag316
ni.var.io://localhost/Variable318,Read from HW,Double,tag317
ni.var.io://localhost/Variable319,Read from HW,Double,tag318
ni.var.io://localhost/Variable320,Read from HW,Double,tag319
ni.var.io://localhost/Variable321,Read from HW,Double,tag320
ni.var.io://localhost/Variable322,Read from HW,Double,tag321
ni.var.io://localhost/Variable323,Read from HW,Double,tag322
ni.var.io://localhost/Variable324,Read from HW,Double,tag323
ni.var.io://localhost/Variable325,Read from HW,Double,tag324
ni.var.io://localhost/Variable326,Read from HW,Double,tag325
ni.var.io://localhost/Variable327,Read from HW,Double,tag326
ni.var.io://localhost/Variable328,Read from HW,Double,tag327
ni.var.io://localhost/Variable329,Read from HW,Double,tag328
ni.var.io://localhost/Variable330,Read from HW,Double,tag329
ni.var.io://localhost/Variable331,Read from HW,Double,tag330
ni.var.io://localhost/Variable332,Read from HW,Double,tag331
ni.var.io://localhost/Variable333,Read from HW,Double,tag332
ni.var.io://localhost/Variable334,Read from HW,Double,tag333
ni.var.io://localhost/Variable335,Read from HW,Double,tag334
ni.var.io://localhost/Variable336,Read from HW,Double,tag335
ni.var.io://localhost/Variable337,Read from HW,Double,tag336
ni.var.io://localhost/Variable338,Read from HW,Double,tag337
ni.var.io://localhost/Variable339,Read from HW,Double,tag338
ni.var.io://localhost/Variable340,Read from HW,Double,tag339
ni.var.io://localhost/Variable341,Read from HW,Double,tag340
ni.var.io://localhost/Variable342,Read from HW,Double,tag341
ni.var.io://localhost/Variable343,Read from HW,Double,tag342
ni.var.io://localhost/Variable344,Read from HW,Double,tag343
ni.var.io://localhost/Variable345,Read from HW,Double,tag344
ni.var.io://localhost/Variable346,Read from HW,Double,tag345
ni.var.io://localhost/Variable347,Read from HW,Double,tag346
ni.var.io://localhost/Variable348,Read from HW,Double,tag347
ni.var.io://localhost/Variable349,Read from HW,Double,tag348
ni.var.io://localhost/Variable350,Read from HW,Double,tag349
ni.var.io://localhost/Variable351,Read from HW,Double,tag350
ni.var.io://localhost/Variable352,Read from HW,Double,tag351
ni.var.io://localhost/Variable353,Read from HW,Double,tag352
ni.var.io://localhost/Variable354,Read from HW,Double,tag353
ni.var.io://localhost/Variable355,Read from HW,Double,tag354
ni.var.io://localhost/Variable356,Read from HW,Double,tag355
ni.var.io://localhost/Variable357,Read from HW,Double,tag356
ni.var.io://localhost/Variable358,Read from HW,Double,tag357
ni.var.io://localhost/Variable359,Read from HW,Double,tag358
ni.var.io://localhost/Variable360,Read from HW,Double,tag359
ni.var.io://localhost/Variable361,Read from HW,Double,tag360
ni.var.io://localhost/Variable362,Read from HW,Double,tag361
ni.var.io://localhost/Variable363,Read from HW,Double,tag362
ni.var.io://localhost/Variable364,Read from HW,Double,tag363
ni.var.io://localhost/Variable365,Read from HW,Double,tag364
ni.var.io://localhost/Variable366,Read from HW,Double,tag365
ni.var.io://localhost/Variable367,Read from HW,Double,tag366
ni.var.io://localhost/Variable368,Read from HW,Double,tag367
ni.var.io://localhost/Variable369,Read from HW,Double,tag368
ni.var.io://localhost/Variable370,Read from HW,Double,tag369
ni.var.io://localhost/Variable371,Read from HW,Double,tag370
ni.var.io://localhost/Variable372,Read from HW,Double,tag371
ni.var.io://localhost/Variable373,Read from HW,Double,tag372
ni.var.io://localhost/Variable374,Read from HW,Double,tag373
ni.var.io://localhost/Variable375,Read from HW,Double,tag374
ni.var.io://localhost/Variable376,Read from HW,Double,tag375
ni.var.io://localhost/Variable377,Read from HW,Double,tag376
ni.var.io://localhost/Variable378,Read from HW,Double,tag377
ni.var.io://localhost/Variable379,Read from HW,Double,tag378
ni.var.io://localhost/Variable380,Read from HW,Double,tag379
ni.var.io://localhost/Variable381,Read from HW,Double,tag380
ni.var.io://localhost/Variable382,Read from HW,Double,tag381
ni.var.io://localhost/Variable383,Read from HW,Double,tag382
ni.var.io://localhost/Variable384,Read from HW,Double,tag383
ni.var.io://localhost/Variable385,Read from HW,Double,tag384
ni.var.io://localhost/Variable386,Read from HW,Double,tag385
ni.var.io://localhost/Variable387,Read from HW,Double,tag386
ni.var.io://localhost/Variable388,Read from HW,Double,tag387
ni.var.io://localhost/Variable389,Read from HW,Double,tag388
ni.var.io://localhost/Variable390,Read from HW,Double,tag389
ni.var.io://localhost/Variable391,Read from HW,Double,tag390
ni.var.io://localhost/Variable392,Read from HW,Double,tag391
ni.var.io://localhost/Variable393,Read from HW,Double,tag392
ni.var.io://localhost/Variable394,Read from HW,Double,tag393
ni.var.io://localhost/Variable395,Read from HW,Double,tag394
ni.var.io://localhost/Variable396,Read from HW,Double,tag395
ni.var.io://localhost/Variable397,Read from HW,Double,tag396
ni.var.io://localhost/Variable398,Read from HW,Double,tag397
ni.var.io://localhost/Variable399,Read from HW,Double,tag398
ni.var.io://localhost/Variable400,Read from HW,Double,tag399
ni.var.io://localhost/Variable401,Read from HW,Double,tag400
ni.var.io://localhost/Variable402,Read from HW,Double,tag401
ni.var.io://localhost/Variable403,Read from HW,Double,tag402
ni.var.io://localhost/Variable404,Read from HW,Double,tag403
ni.var.io://localhost/Variable405,Read from HW,Double,tag404
ni.var.io://localhost/Variable406,Read from HW,Double,tag405
ni.var.io://localhost/Variable407,Read from HW,Double,tag406
ni.var.io://localhost/Variable408,Read from HW,Double,tag407
ni.var.io://localhost/Variable409,Read from HW,Double,tag408
ni.var.io://localhost/Variable410,Read from HW,Double,tag409
ni.var.io://localhost/Variable411,Read from HW,Double,tag410
ni.var.io://localhost/Variable412,Read from HW,Double,tag411
ni.var.io://localhost/Variable413,Read from HW,Double,tag412
ni.var.io://localhost/Variable414,Read from HW,Double,tag413
ni.var.io://localhost/Variable415,Read from HW,Double,tag414
ni.var.io://localhost/Variable416,Read from HW,Double,tag415
ni.var.io://localhost/Variable417,Read from HW,Double,tag416
ni.var.io://localhost/Variable418,Read from HW,Double,tag417
ni.var.io://localhost/Variable419,Read from HW,Double,tag418
ni.var.io://localhost/Variable420,Read from HW,Double,tag419
ni.var.io://localhost/Variable421,Read from HW,Double,tag420
ni.var.io://localhost/Variable422,Read from HW,Double,tag421
ni.var.io://localhost/Variable423,Read from HW,Double,tag422
ni.var.io://localhost/Variable424,Read from HW,Double,tag423
ni.var.io://localhost/Variable425,Read from HW,Double,tag424
ni.var.io://localhost/Variable426,Read from HW,Double,tag425
ni.var.io://localhost/Variable427,Read from HW,Double,tag426
ni.var.io://localhost/Variable428,Read from HW,Double,tag427
ni.var.io://localhost/Variable429,Read from HW,Double,tag428
ni.var.io://localhost/Variable430,Read from HW,Double,tag429
ni.var.io://localhost/Variable431,Read from HW,Double,tag430
ni.var.io://localhost/Variable432,Read from HW,Double,tag431
ni.var.io://localhost/Variable433,Read from HW,Double,tag432
ni.var.io://localhost/Variable434,Read from HW,Double,tag433
ni.var.io://localhost/Variable435,Read from HW,Double,tag434
ni.var.io://localhost/Variable436,Read from HW,Double,tag435
ni.var.io://localhost/Variable437,Read from HW,Double,tag436
ni.var.io://localhost/Variable438,Read from HW,Double,tag437
ni.var.io://localhost/Variable439,Read from HW,Double,tag438
ni.var.io://localhost/Variable440,Read from HW,Double,tag439
ni.var.io://localhost/Variable441,Read from HW,Double,tag440
ni.var.io://localhost/Variable442,Read from HW,Double,tag441
ni.var.io://localhost/Variable443,Read from HW,Double,tag442
ni.var.io://localhost/Variable444,Read from HW,Double,tag443
ni.var.io://localhost/Variable445,Read from HW,Double,tag444
ni.var.io://localhost/Variable446,Read from HW,Double,tag445
ni.var.io://localhost/Variable447,Read from HW,Double,tag446
ni.var.io://localhost/Variable448,Read from HW,Double,tag447
ni.var.io://localhost/Variable449,Read from HW,Double,tag448
ni.var.io://localhost/Variable450,Read from HW,Double,tag449
ni.var.io://localhost/Variable451,Read from HW,Double,tag450
ni.var.io://localhost/Variable452,Read from HW,Double,tag451
ni.var.io://localhost/Variable453,Read from HW,Double,tag452
ni.var.io://localhost/Variable454,Read from HW,Double,tag453
ni.var.io://localhost/Variable455,Read from HW,Double,tag454
ni.var.io://localhost/Variable456,Read from HW,Double,tag455
ni.var.io://localhost/Variable457,Read from HW,Double,tag456
ni.var.io://localhost/Variable458,Read from HW,Double,tag457
ni.var.io://localhost/Variable459,Read from HW,Double,tag458
ni.var.io://localhost/Variable460,Read from HW,Double,tag459
ni.var.io://localhost/Variable461,Read from HW,Double,tag460
ni.var.io://localhost/Variable462,Read from HW,Double,tag461
ni.var.io://localhost/Variable463,Read from HW,Double,tag462
ni.var.io://localhost/Variable464,Read from HW,Double,tag463
ni.var.io://localhost/Variable465,Read from HW,Double,tag464
ni.var.io://localhost/Variable466,Read from HW,Double,tag465
ni.var.io://localhost/Variable467,Read from HW,Double,tag466
ni.var.io://localhost/Variable468,Read from HW,Double,tag467
ni.var.io://localhost/Variable469,Read from HW,Double,tag468
ni.var.io://localhost/Variable470,Read from HW,Double,tag469
ni.var.io://localhost/Variable471,Read from HW,Double,tag470
ni.var.io://localhost/Variable472,Read from HW,Double,tag471
ni.var.io://localhost/Variable473,Read from HW,Double,tag472
ni.var.io://localhost/Variable474,Read from HW,Double,tag473
ni.var.io://localhost/Variable475,Read from HW,Double,tag474
ni.var.io://localhost/Variable476,Read from HW,Double,tag475
ni.var.io://localhost/Variable477,Read from HW,Double,tag476
ni.var.io://localhost/Variable478,Read from HW,Double,tag477
ni.var.io://localhost/Variable479,Read from HW,Double,tag478
ni.var.io://localhost/Variable480,Read from HW,Double,tag479
ni.var.io://localhost/Variable481,Read from HW,Double,tag480
ni.var.io://localhost/Variable482,Read from HW,Double,tag481
ni.var.io://localhost/Variable483,Read from HW,Double,tag482
ni.var.io://localhost/Variable484,Read from HW,Double,tag483
ni.var.io://localhost/Variable485,Read from HW,Double,tag484
ni.var.io://localhost/Variable486,Read from HW,Double,tag485
ni.var.io://localhost/Variable487,Read from HW,Double,tag486
ni.var.io://localhost/Variable488,Read from HW,Double,tag487
ni.var.io://localhost/Variable489,Read from HW,Double,tag488
ni.var.io://localhost/Variable490,Read from HW,Double,tag489
ni.var.io://localhost/Variable491,Read from HW,Double,tag490
ni.var.io://localhost/Variable492,Read from HW,Double,tag491
ni.var.io://localhost/Variable493,Read from HW,Double,tag492
ni.var.io://localhost/Variable494,Read from HW,Double,tag493
ni.var.io://localhost/Variable495,Read from HW,Double,tag494
ni.var.io://localhost/Variable496,Read from HW,Double,tag495
ni.var.io://localhost/Variable497,Read from HW,Double,tag496
ni.var.io://localhost/Variable498,Read from HW,Double,tag497
ni.var.io://localhost/Variable499,Read from HW,Double,tag498
ni.var.io://localhost/Variable500,Read from HW,Double,tag499
ni.var.io://localhost/Variable501,Read from HW,Double,tag500
ni.var.io://localhost/Variable502,Read from HW,Double,tag501
ni.var.io://localhost/Variable503,Read from HW,Double,tag502
ni.var.io://localhost/Variable504,Read from HW,Double,tag503
ni.var.io://localhost/Variable505,Read from HW,Double,tag504
ni.var.io://localhost/Variable506,Read from HW,Double,tag505
ni.var.io://localhost/Variable507,Read from HW,Double,tag506
ni.var.io://localhost/Variable508,Read from HW,Double,tag507
ni.var.io://localhost/Variable509,Read from HW,Double,tag508
ni.var.io://localhost/Variable510,Read from HW,Double,tag509
ni.var.io://localhost/Variable511,Read from HW,Double,tag510
ni.var.io://localhost/Variable512,Read from HW,Double,tag511
ni.var.io://localhost/Variable513,Read from HW,Double,tag512
ni.var.io://localhost/Variable514,Read from HW,Double,tag513
ni.var.io://localhost/Variable515,Read from HW,Double,tag514
ni.var.io://localhost/Variable516,Read from HW,Double,tag515
ni.var.io://localhost/Variable517,Read from HW,Double,tag516
ni.var.io://localhost/Variable518,Read from HW,Double,tag517
ni.var.io://localhost/Variable519,Read from HW,Double,tag518
ni.var.io://localhost/Variable520,Read from HW,Double,tag519
ni.var.io://localhost/Variable521,Read from HW,Double,tag520
ni.var.io://localhost/Variable522,Read from HW,Double,tag521
ni.var.io://localhost/Variable523,Read from HW,Double,tag522
ni.var.io://localhost/Variable524,Read from HW,Double,tag523
ni.var.io://localhost/Variable525,Read from HW,Double,tag524
ni.var.io://localhost/Variable526,Read from HW,Double,tag525
ni.var.io://localhost/Variable527,Read from HW,Double,tag526
ni.var.io://localhost/Variable528,Read from HW,Double,tag527
ni.var.io://localhost/Variable529,Read from HW,Double,tag528
ni.var.io://localhost/Variable530,Read from HW,Double,tag529
ni.var.io://localhost/Variable531,Read from HW,Double,tag530
ni.var.io://localhost/Variable532,Read from HW,Double,tag531
ni.var.io://localhost/Variable533,Read from HW,Double,tag532
ni.var.io://localhost/Variable534,Read from HW,Double,tag533
ni.var.io://localhost/Variable535,Read from HW,Double,tag534
ni.var.io://localhost/Variable536,Read from HW,Double,tag535
ni.var.io://localhost/Variable537,Read from HW,Double,tag536
ni.var.io://localhost/Variable538,Read from HW,Double,tag537
ni.var.io://localhost/Variable539,Read from HW,Double,tag538
ni.var.io://localhost/Variable540,Read from HW,Double,tag539
ni.var.io://localhost/Variable541,Read from HW,Double,tag540
ni.var.io://localhost/Variable542,Read from HW,Double,tag541
ni.var.io://localhost/Variable543,Read from HW,Double,tag542
ni.var.io://localhost/Variable544,Read from HW,Double,tag543
ni.var.io://localhost/Variable545,Read from HW,Double,tag544
ni.var.io://localhost/Variable546,Read from HW,Double,tag545
ni.var.io://localhost/Variable547,Read from HW,Double,tag546
ni.var.io://localhost/Variable548,Read from HW,Double,tag547
ni.var.io://localhost/Variable549,Read from HW,Double,tag548
ni.var.io://localhost/Variable550,Read from HW,Double,tag549
ni.var.io://localhost/Variable551,Read from HW,Double,tag550
ni.var.io://localhost/Variable552,Read from HW,Double,tag551
ni.var.io://localhost/Variable553,Read from HW,Double,tag552
ni.var.io://localhost/Variable554,Read from HW,Double,tag553
ni.var.io://localhost/Variable555,Read from HW,Double,tag554
ni.var.io://localhost/Variable556,Read from HW,Double,tag555
ni.var.io://localhost/Variable557,Read from HW,Double,tag556
ni.var.io://localhost/Variable558,Read from HW,Double,tag557
ni.var.io://localhost/Variable559,Read from HW,Double,tag558
ni.var.io://localhost/Variable560,Read from HW,Double,tag559
ni.var.io://localhost/Variable561,Read from HW,Double,tag560
ni.var.io://localhost/Variable562,Read from HW,Double,tag561
ni.var.io://localhost/Variable563,Read from HW,Double,tag562
ni.var.io://localhost/Variable564,Read from HW,Double,tag563
ni.var.io://localhost/Variable565,Read from HW,Double,tag564
ni.var.io://localhost/Variable566,Read from HW,Double,tag565
ni.var.io://localhost/Variable567,Read from HW,Double,tag566
ni.var.io://localhost/Variable568,Read from HW,Double,tag567
ni.var.io://localhost/Variable569,Read from HW,Double,tag568
ni.var.io://localhost/Variable570,Read from HW,Double,tag569
ni.var.io://localhost/Variable571,Read from HW,Double,tag570
ni.var.io://localhost/Variable572,Read from HW,Double,tag571
ni.var.io://localhost/Variable573,Read from HW,Double,tag572
ni.var.io://localhost/Variable574,Read from HW,Double,tag573
ni.var.io://localhost/Variable575,Read from HW,Double,tag574
ni.var.io://localhost/Variable576,Read from HW,Double,tag575
ni.var.io://localhost/Variable577,Read from HW,Double,tag576
ni.var.io://localhost/Variable578,Read from HW,Double,tag577
ni.var.io://localhost/Variable579,Read from HW,Double,tag578
ni.var.io://localhost/Variable580,Read from HW,Double,tag579
ni.var.io://localhost/Variable581,Read from HW,Double,tag580
ni.var.io://localhost/Variable582,Read from HW,Double,tag581
ni.var.io://localhost/Variable583,Read from HW,Double,tag582
ni.var.io://localhost/Variable584,Read from HW,Double,tag583
ni.var.io://localhost/Variable585,Read from HW,Double,tag584
ni.var.io://localhost/Variable586,Read from HW,Double,tag585
ni.var.io://localhost/Variable587,Read from HW,Double,tag586
ni.var.io://localhost/Variable588,Read from HW,Double,tag587
ni.var.io://localhost/Variable589,Read from HW,Double,tag588
ni.var.io://localhost/Variable590,Read from HW,Double,tag589
ni.var.io://localhost/Variable591,Read from HW,Double,tag590
ni.var.io://localhost/Variable592,Read from HW,Double,tag591
ni.var.io://localhost/Variable593,Read from HW,Double,tag592
ni.var.io://localhost/Variable594,Read from HW,Double,tag593
ni.var.io://localhost/Variable595,Read from HW,Double,tag594
ni.var.io://localhost/Variable596,Read from HW,Double,tag595
ni.var.io://localhost/Variable597,Read from HW,Double,tag596
ni.var.io://localhost/Variable598,Read from HW,Double,tag597
ni.var.io://localhost/Variable599,Read from HW,Double,tag598
ni.var.io://localhost/Variable600,Read from HW,Double,tag599
ni.var.io://localhost/Variable601,Read from HW,Double,tag600
ni.var.io://localhost/Variable602,Read from HW,Double,tag601
ni.var.io://localhost/Variable603,Read from HW,Double,tag602
ni.var.io://localhost/Variable604,Read from HW,Double,tag603
ni.var.io://localhost/Variable605,Read from HW,Double,tag604
ni.var.io://localhost/Variable606,Read from HW,Double,tag605
ni.var.io://localhost/Variable607,Read from HW,Double,tag606
ni.var.io://localhost/Variable608,Read from HW,Double,tag607
ni.var.io://localhost/Variable609,Read from HW,Double,tag608
ni.var.io://localhost/Variable610,Read from HW,Double,tag609
ni.var.io://localhost/Variable611,Read from HW,Double,tag610
ni.var.io://localhost/Variable612,Read from HW,Double,tag611
ni.var.io://localhost/Variable613,Read from HW,Double,tag612
ni.var.io://localhost/Variable614,Read from HW,Double,tag613
ni.var.io://localhost/Variable615,Read from HW,Double,tag614
ni.var.io://localhost/Variable616,Read from HW,Double,tag615
ni.var.io://localhost/Variable617,Read from HW,Double,tag616
ni.var.io://localhost/Variable618,Read from HW,Double,tag617
ni.var.io://localhost/Variable619,Read from HW,Double,tag618
ni.var.io://localhost/Variable620,Read from HW,Double,tag619
ni.var.io://localhost/Variable621,Read from HW,Double,tag620
ni.var.io://localhost/Variable622,Read from HW,Double,tag621
ni.var.io://localhost/Variable623,Read from HW,Double,tag622
ni.var.io://localhost/Variable624,Read from HW,Double,tag623
ni.var.io://localhost/Variable625,Read from HW,Double,tag624
ni.var.io://localhost/Variable626,Read from HW,Double,tag625
ni.var.io://localhost/Variable627,Read from HW,Double,tag626
ni.var.io://localhost/Variable628,Read from HW,Double,tag627
ni.var.io://localhost/Variable629,Read from HW,Double,tag628
ni.var.io://localhost/Variable630,Read from HW,Double,tag629
ni.var.io://localhost/Variable631,Read from HW,Double,tag630
ni.var.io://localhost/Variable632,Read from HW,Double,tag631
ni.var.io://localhost/Variable633,Read from HW,Double,tag632
ni.var.io://localhost/Variable634,Read from HW,Double,tag633
ni.var.io://localhost/Variable635,Read from HW,Double,tag634
ni.var.io://localhost/Variable636,Read from HW,Double,tag635
ni.var.io://localhost/Variable637,Read from HW,Double,tag636
ni.var.io://localhost/Variable638,Read from HW,Double,tag637
ni.var.io://localhost/Variable639,Read from HW,Double,tag638
ni.var.io://localhost/Variable640,Read from HW,Double,tag639
ni.var.io://localhost/Variable641,Read from HW,Double,tag640
ni.var.io://localhost/Variable642,Read from HW,Double,tag641
ni.var.io://localhost/Variable643,Read from HW,Double,tag642
ni.var.io://localhost/Variable644,Read from HW,Double,tag643
ni.var.io://localhost/Variable645,Read from HW,Double,tag644
ni.var.io://localhost/Variable646,Read from HW,Double,tag645
ni.var.io://localhost/Variable647,Read from HW,Double,tag646
ni.var.io://localhost/Variable648,Read from HW,Double,tag647
ni.var.io://localhost/Variable649,Read from HW,Double,tag648
ni.var.io://localhost/Variable650,Read from HW,Double,tag649
ni.var.io://localhost/Variable651,Read from HW,Double,tag650
ni.var.io://localhost/Variable652,Read from HW,Double,tag651
ni.var.io://localhost/Variable653,Read from HW,Double,tag652
ni.var.io://localhost/Variable654,Read from HW,Double,tag653
ni.var.io://localhost/Variable655,Read from HW,Double,tag654
ni.var.io://localhost/Variable656,Read from HW,Double,tag655
ni.var.io://localhost/Variable657,Read from HW,Double,tag656
ni.var.io://localhost/Variable658,Read from HW,Double,tag657
ni.var.io://localhost/Variable659,Read from HW,Double,tag658
ni.var.io://localhost/Variable660,Read from HW,Double,tag659
ni.var.io://localhost/Variable661,Read from HW,Double,tag660
ni.var.io://localhost/Variable662,Read from HW,Double,tag661
ni.var.io://localhost/Variable663,Read from HW,Double,tag662
ni.var.io://localhost/Variable664,Read from HW,Double,tag663
ni.var.io://localhost/Variable665,Read from HW,Double,tag664
ni.var.io://localhost/Variable666,Read from HW,Double,tag665
ni.var.io://localhost/Variable667,Read from HW,Double,tag666
ni.var.io://localhost/Variable668,Read from HW,Double,tag667
ni.var.io://localhost/Variable669,Read from HW,Double,tag668
ni.var.io://localhost/Variable670,Read from HW,Double,tag669
ni.var.io://localhost/Variable671,Read from HW,Double,tag670
ni.var.io://localhost/Variable672,Read from HW,Double,tag671
ni.var.io://localhost/Variable673,Read from HW,Double,tag672
ni.var.io://localhost/Variable674,Read from HW,Double,tag673
ni.var.io://localhost/Variable675,Read from HW,Double,tag674
ni.var.io://localhost/Variable676,Read from HW,Double,tag675
ni.var.io://localhost/Variable677,Read from HW,Double,tag676
ni.var.io://localhost/Variable678,Read from HW,Double,tag677
ni.var.io://localhost/Variable679,Read from HW,Double,tag678
ni.var.io://localhost/Variable680,Read from HW,Double,tag679
ni.var.io://localhost/Variable681,Read from HW,Double,tag680
ni.var.io://localhost/Variable682,Read from HW,Double,tag681
ni.var.io://localhost/Variable683,Read from HW,Double,tag682
ni.var.io://localhost/Variable684,Read from HW,Double,tag683
ni.var.io://localhost/Variable685,Read from HW,Double,tag684
ni.var.io://localhost/Variable686,Read from HW,Double,tag685
ni.var.io://localhost/Variable687,Read from HW,Double,tag686
ni.var.io://localhost/Variable688,Read from HW,Double,tag687
ni.var.io://localhost/Variable689,Read from HW,Double,tag688
ni.var.io://localhost/Variable690,Read from HW,Double,tag689
ni.var.io://localhost/Variable691,Read from HW,Double,tag690
ni.var.io://localhost/Variable692,Read from HW,Double,tag691
ni.var.io://localhost/Variable693,Read from HW,Double,tag692
ni.var.io://localhost/Variable694,Read from HW,Double,tag693
ni.var.io://localhost/Variable695,Read from HW,Double,tag694
ni.var.io://localhost/Variable696,Read from HW,Double,tag695
ni.var.io://localhost/Variable697,Read from HW,Double,tag696
ni.var.io://localhost/Variable698,Read from HW,Double,tag697
ni.var.io://localhost/Variable699,Read from HW,Double,tag698
ni.var.io://localhost/Variable700,Read from HW,Double,tag699
ni.var.io://localhost/Variable701,Read from HW,Double,tag700
ni.var.io://localhost/Variable702,Read from HW,Double,tag701
ni.var.io://localhost/Variable703,Read from HW,Double,tag702
ni.var.io://localhost/Variable704,Read from HW,Double,tag703
ni.var.io://localhost/Variable705,Read from HW,Double,tag704
ni.var.io://localhost/Variable706,Read from HW,Double,tag705
ni.var.io://localhost/Variable707,Read from HW,Double,tag706
ni.var.io://localhost/Variable708,Read from HW,Double,tag707
ni.var.io://localhost/Variable709,Read from HW,Double,tag708
ni.var.io://localhost/Variable710,Read from HW,Double,tag709
ni.var.io://localhost/Variable711,Read from HW,Double,tag710
ni.var.io://localhost/Variable712,Read from HW,Double,tag711
ni.var.io://localhost/Variable713,Read from HW,Double,tag712
ni.var.io://localhost/Variable714,Read from HW,Double,tag713
ni.var.io://localhost/Variable715,Read from HW,Double,tag714
ni.var.io://localhost/Variable716,Read from HW,Double,tag715
ni.var.io://localhost/Variable717,Read from HW,Double,tag716
ni.var.io://localhost/Variable718,Read from HW,Double,tag717
ni.var.io://localhost/Variable719,Read from HW,Double,tag718
ni.var.io://localhost/Variable720,Read from HW,Double,tag719
ni.var.io://localhost/Variable721,Read from HW,Double,tag720
ni.var.io://localhost/Variable722,Read from HW,Double,tag721
ni.var.io://localhost/Variable723,Read from HW,Double,tag722
ni.var.io://localhost/Variable724,Read from HW,Double,tag723
ni.var.io://localhost/Variable725,Read from HW,Double,tag724
ni.var.io://localhost/Variable726,Read from HW,Double,tag725
ni.var.io://localhost/Variable727,Read from HW,Double,tag726
ni.var.io://localhost/Variable728,Read from HW,Double,tag727
ni.var.io://localhost/Variable729,Read from HW,Double,tag728
ni.var.io://localhost/Variable730,Read from HW,Double,tag729
ni.var.io://localhost/Variable731,Read from HW,Double,tag730
ni.var.io://localhost/Variable732,Read from HW,Double,tag731
ni.var.io://localhost/Variable733,Read from HW,Double,tag732
ni.var.io://localhost/Variable734,Read from HW,Double,tag733
ni.var.io://localhost/Variable735,Read from HW,Double,tag734
ni.var.io://localhost/Variable736,Read from HW,Double,tag735
ni.var.io://localhost/Variable737,Read from HW,Double,tag736
ni.var.io://localhost/Variable738,Read from HW,Double,tag737
ni.var.io://localhost/Variable739,Read from HW,Double,tag738
ni.var.io://localhost/Variable740,Read from HW,Double,tag739
ni.var.io://localhost/Variable741,Read from HW,Double,tag740
ni.var.io://localhost/Variable742,Read from HW,Double,tag741
ni.var.io://localhost/Variable743,Read from HW,Double,tag742
ni.var.io://localhost/Variable744,Read from HW,Double,tag743
ni.var.io://localhost/Variable745,Read from HW,Double,tag744
ni.var.io://localhost/Variable746,Read from HW,Double,tag745
ni.var.io://localhost/Variable747,Read from HW,Double,tag746
ni.var.io://localhost/Variable748,Read from HW,Double,tag747
ni.var.io://localhost/Variable749,Read from HW,Double,tag748
ni.var.io://localhost/Variable750,Read from HW,Double,tag749
ni.var.io://localhost/Variable751,Read from HW,Double,tag750
ni.var.io://localhost/Variable752,Read from HW,Double,tag751
ni.var.io://localhost/Variable753,Read from HW,Double,tag752
ni.var.io://localhost/Variable754,Read from HW,Double,tag753
ni.var.io://localhost/Variable755,Read from HW,Double,tag754
ni.var.io://localhost/Variable756,Read from HW,Double,tag755
ni.var.io://localhost/Variable757,Read from HW,Double,tag756
ni.var.io://localhost/Variable758,Read from HW,Double,tag757
ni.var.io://localhost/Variable759,Read from HW,Double,tag758
ni.var.io://localhost/Variable760,Read from HW,Double,tag759
ni.var.io://localhost/Variable761,Read from HW,Double,tag760
ni.var.io://localhost/Variable762,Read from HW,Double,tag761
ni.var.io://localhost/Variable763,Read from HW,Double,tag762
ni.var.io://localhost/Variable764,Read from HW,Double,tag763
ni.var.io://localhost/Variable765,Read from HW,Double,tag764
ni.var.io://localhost/Variable766,Read from HW,Double,tag765
ni.var.io://localhost/Variable767,Read from HW,Double,tag766
ni.var.io://localhost/Variable768,Read from HW,Double,tag767
ni.var.io://localhost/Variable769,Read from HW,Double,tag768
ni.var.io://localhost/Variable770,Read from HW,Double,tag769
ni.var.io://localhost/Variable771,Read from HW,Double,tag770
ni.var.io://localhost/Variable772,Read from HW,Double,tag771
ni.var.io://localhost/Variable773,Read from HW,Double,tag772
ni.var.io://localhost/Variable774,Read from HW,Double,tag773
ni.var.io://localhost/Variable775,Read from HW,Double,tag774
ni.var.io://localhost/Variable776,Read from HW,Double,tag775
ni.var.io://localhost/Variable777,Read from HW,Double,tag776
ni.var.io://localhost/Variable778,Read from HW,Double,tag777
ni.var.io://localhost/Variable779,Read from HW,Double,tag778
ni.var.io://localhost/Variable780,Read from HW,Double,tag779
ni.var.io://localhost/Variable781,Read from HW,Double,tag780
ni.var.io://localhost/Variable782,Read from HW,Double,tag781
ni.var.io://localhost/Variable783,Read from HW,Double,tag782
ni.var.io://localhost/Variable784,Read from HW,Double,tag783
ni.var.io://localhost/Variable785,Read from HW,Double,tag784
ni.var.io://localhost/Variable786,Read from HW,Double,tag785
ni.var.io://localhost/Variable787,Read from HW,Double,tag786
ni.var.io://localhost/Variable788,Read from HW,Double,tag787
ni.var.io://localhost/Variable789,Read from HW,Double,tag788
ni.var.io://localhost/Variable790,Read from HW,Double,tag789
ni.var.io://localhost/Variable791,Read from HW,Double,tag790
ni.var.io://localhost/Variable792,Read from HW,Double,tag791
ni.var.io://localhost/Variable793,Read from HW,Double,tag792
ni.var.io://localhost/Variable794,Read from HW,Double,tag793
ni.var.io://localhost/Variable795,Read from HW,Double,tag794
ni.var.io://localhost/Variable796,Read from HW,Double,tag795
ni.var.io://localhost/Variable797,Read from HW,Double,tag796
ni.var.io://localhost/Variable798,Read from HW,Double,tag797
ni.var.io://localhost/Variable799,Read from HW,Double,tag798
ni.var.io://localhost/Variable800,Read from HW,Double,tag799
ni.var.io://localhost/Variable801,Read from HW,Double,tag800
ni.var.io://localhost/Variable802,Read from HW,Double,tag801
ni.var.io://localhost/Variable803,Read from HW,Double,tag802
ni.var.io://localhost/Variable804,Read from HW,Double,tag803
ni.var.io://localhost/Variable805,Read from HW,Double,tag804
ni.var.io://localhost/Variable806,Read from HW,Double,tag805
ni.var.io://localhost/Variable807,Read from HW,Double,tag806
ni.var.io://localhost/Variable808,Read from HW,Double,tag807
ni.var.io://localhost/Variable809,Read from HW,Double,tag808
ni.var.io://localhost/Variable810,Read from HW,Double,tag809
ni.var.io://localhost/Variable811,Read from HW,Double,tag810
ni.var.io://localhost/Variable812,Read from HW,Double,tag811
ni.var.io://localhost/Variable813,Read from HW,Double,tag812
ni.var.io://localhost/Variable814,Read from HW,Double,tag813
ni.var.io://localhost/Variable815,Read from HW,Double,tag814
ni.var.io://localhost/Variable816,Read from HW,Double,tag815
ni.var.io://localhost/Variable817,Read from HW,Double,tag816
ni.var.io://localhost/Variable818,Read from HW,Double,tag817
ni.var.io://localhost/Variable819,Read from HW,Double,tag818
ni.var.io://localhost/Variable820,Read from HW,Double,tag819
ni.var.io://localhost/Variable821,Read from HW,Double,tag820
ni.var.io://localhost/Variable822,Read from HW,Double,tag821
ni.var.io://localhost/Variable823,Read from HW,Double,tag822
ni.var.io://localhost/Variable824,Read from HW,Double,tag823
ni.var.io://localhost/Variable825,Read from HW,Double,tag824
ni.var.io://localhost/Variable826,Read from HW,Double,tag825
ni.var.io://localhost/Variable827,Read from HW,Double,tag826
ni.var.io://localhost/Variable828,Read from HW,Double,tag827
ni.var.io://localhost/Variable829,Read from HW,Double,tag828
ni.var.io://localhost/Variable830,Read from HW,Double,tag829
ni.var.io://localhost/Variable831,Read from HW,Double,tag830
ni.var.io://localhost/Variable832,Read from HW,Double,tag831
ni.var.io://localhost/Variable833,Read from HW,Double,tag832
ni.var.io://localhost/Variable834,Read from HW,Double,tag833
ni.var.io://localhost/Variable835,Read from HW,Double,tag834
ni.var.io://localhost/Variable836,Read from HW,Double,tag835
ni.var.io://localhost/Variable837,Read from HW,Double,tag836
ni.var.io://localhost/Variable838,Read from HW,Double,tag837
ni.var.io://localhost/Variable839,Read from HW,Double,tag838
ni.var.io://localhost/Variable840,Read from HW,Double,tag839
ni.var.io://localhost/Variable841,Read from HW,Double,tag840
ni.var.io://localhost/Variable842,Read from HW,Double,tag841
ni.var.io://localhost/Variable843,Read from HW,Double,tag842
ni.var.io://localhost/Variable844,Read from HW,Double,tag843
ni.var.io://localhost/Variable845,Read from HW,Double,tag844
ni.var.io://localhost/Variable846,Read from HW,Double,tag845
ni.var.io://localhost/Variable847,Read from HW,Double,tag846
ni.var.io://localhost/Variable848,Read from HW,Double,tag847
ni.var.io://localhost/Variable849,Read from HW,Double,tag848
ni.var.io://localhost/Variable850,Read from HW,Double,tag849
ni.var.io://localhost/Variable851,Read from HW,Double,tag850
ni.var.io://localhost/Variable852,Read from HW,Double,tag851
ni.var.io://localhost/Variable853,Read from HW,Double,tag852
ni.var.io://localhost/Variable854,Read from HW,Double,tag853
ni.var.io://localhost/Variable855,Read from HW,Double,tag854
ni.var.io://localhost/Variable856,Read from HW,Double,tag855
ni.var.io://localhost/Variable857,Read from HW,Double,tag856
ni.var.io://localhost/Variable858,Read from HW,Double,tag857
ni.var.io://localhost/Variable859,Read from HW,Double,tag858
ni.var.io://localhost/Variable860,Read from HW,Double,tag859
ni.var.io://localhost/Variable861,Read from HW,Double,tag860
ni.var.io://localhost/Variable862,Read from HW,Double,tag861
ni.var.io://localhost/Variable863,Read from HW,Double,tag862
ni.var.io://localhost/Variable864,Read from HW,Double,tag863
ni.var.io://localhost/Variable865,Read from HW,Double,tag864
ni.var.io://localhost/Variable866,Read from HW,Double,tag865
ni.var.io://localhost/Variable867,Read from HW,Double,tag866
ni.var.io://localhost/Variable868,Read from HW,Double,tag867
ni.var.io://localhost/Variable869,Read from HW,Double,tag868
ni.var.io://localhost/Variable870,Read from HW,Double,tag869
ni.var.io://localhost/Variable871,Read from HW,Double,tag870
ni.var.io://localhost/Variable872,Read from HW,Double,tag871
ni.var.io://localhost/Variable873,Read from HW,Double,tag872
ni.var.io://localhost/Variable874,Read from HW,Double,tag873
ni.var.io://localhost/Variable875,Read from HW,Double,tag874
ni.var.io://localhost/Variable876,Read from HW,Double,tag875
ni.var.io://localhost/Variable877,Read from HW,Double,tag876
ni.var.io://localhost/Variable878,Read from HW,Double,tag877
ni.var.io://localhost/Variable879,Read from HW,Double,tag878
ni.var.io://localhost/Variable880,Read from HW,Double,tag879
ni.var.io://localhost/Variable881,Read from HW,Double,tag880
ni.var.io://localhost/Variable882,Read from HW,Double,tag881
ni.var.io://localhost/Variable883,Read from HW,Double,tag882
ni.var.io://localhost/Variable884,Read from HW,Double,tag883
ni.var.io://localhost/Variable885,Read from HW,Double,tag884
ni.var.io://localhost/Variable886,Read from HW,Double,tag885
ni.var.io://localhost/Variable887,Read from HW,Double,tag886
ni.var.io://localhost/Variable888,Read from HW,Double,tag887
ni.var.io://localhost/Variable889,Read from HW,Double,tag888
ni.var.io://localhost/Variable890,Read from HW,Double,tag889
ni.var.io://localhost/Variable891,Read from HW,Double,tag890
ni.var.io://localhost/Variable892,Read from HW,Double,tag891
ni.var.io://localhost/Variable893,Read from HW,Double,tag892
ni.var.io://localhost/Variable894,Read from HW,Double,tag893
ni.var.io://localhost/Variable895,Read from HW,Double,tag894
ni.var.io://localhost/Variable896,Read from HW,Double,tag895
ni.var.io://localhost/Variable897,Read from HW,Double,tag896
ni.var.io://localhost/Variable898,Read from HW,Double,tag897
ni.var.io://localhost/Variable899,Read from HW,Double,tag898
ni.var.io://localhost/Variable900,Read from HW,Double,tag899
ni.var.io://localhost/Variable901,Read from HW,Double,tag900
ni.var.io://localhost/Variable902,Read from HW,Double,tag901
ni.var.io://localhost/Variable903,Read from HW,Double,tag902
ni.var.io://localhost/Variable904,Read from HW,Double,tag903
ni.var.io://localhost/Variable905,Read from HW,Double,tag904
ni.var.io://localhost/Variable906,Read from HW,Double,tag905
ni.var.io://localhost/Variable907,Read from HW,Double,tag906
ni.var.io://localhost/Variable908,Read from HW,Double,tag907
ni.var.io://localhost/Variable909,Read from HW,Double,tag908
ni.var.io://localhost/Variable910,Read from HW,Double,tag909
ni.var.io://localhost/Variable911,Read from HW,Double,tag910
ni.var.io://localhost/Variable912,Read from HW,Double,tag911
ni.var.io://localhost/Variable913,Read from HW,Double,tag912
ni.var.io://localhost/Variable914,Read from HW,Double,tag913
ni.var.io://localhost/Variable915,Read from HW,Double,tag914
ni.var.io://localhost/Variable916,Read from HW,Double,tag915
ni.var.io://localhost/Variable917,Read from HW,Double,tag916
ni.var.io://localhost/Variable918,Read from HW,Double,tag917
ni.var.io://localhost/Variable919,Read from HW,Double,tag918
ni.var.io://localhost/Variable920,Read from HW,Double,tag919
ni.var.io://localhost/Variable921,Read from HW,Double,tag920
ni.var.io://localhost/Variable922,Read from HW,Double,tag921
ni.var.io://localhost/Variable923,Read from HW,Double,tag922
ni.var.io://localhost/Variable924,Read from HW,Double,tag923
ni.var.io://localhost/Variable925,Read from HW,Double,tag924
ni.var.io://localhost/Variable926,Read from HW,Double,tag925
ni.var.io://localhost/Variable927,Read from HW,Double,tag926
ni.var.io://localhost/Variable928,Read from HW,Double,tag927
ni.var.io://localhost/Variable929,Read from HW,Double,tag928
ni.var.io://localhost/Variable930,Read from HW,Double,tag929
ni.var.io://localhost/Variable931,Read from HW,Double,tag930
ni.var.io://localhost/Variable932,Read from HW,Double,tag931
ni.var.io://localhost/Variable933,Read from HW,Double,tag932
ni.var.io://localhost/Variable934,Read from HW,Double,tag933
ni.var.io://localhost/Variable935,Read from HW,Double,tag934
ni.var.io://localhost/Variable936,Read from HW,Double,tag935
ni.var.io://localhost/Variable937,Read from HW,Double,tag936
ni.var.io://localhost/Variable938,Read from HW,Double,tag937
ni.var.io://localhost/Variable939,Read from HW,Double,tag938
ni.var.io://localhost/Variable940,Read from HW,Double,tag939
ni.var.io://localhost/Variable941,Read from HW,Double,tag940
ni.var.io://localhost/Variable942,Read from HW,Double,tag941
ni.var.io://localhost/Variable943,Read from HW,Double,tag942
ni.var.io://localhost/Variable944,Read from HW,Double,tag943
ni.var.io://localhost/Variable945,Read from HW,Double,tag944
ni.var.io://localhost/Variable946,Read from HW,Double,tag945
ni.var.io://localhost/Variable947,Read from HW,Double,tag946
ni.var.io://localhost/Variable948,Read from HW,Double,tag947
ni.var.io://localhost/Variable949,Read from HW,Double,tag948
ni.var.io://localhost/Variable950,Read from HW,Double,tag949
ni.var.io://localhost/Variable951,Read from HW,Double,tag950
ni.var.io://localhost/Variable952,Read from HW,Double,tag951
ni.var.io://localhost/Variable953,Read from HW,Double,tag952
ni.var.io://localhost/Variable954,Read from HW,Double,tag953
ni.var.io://localhost/Variable955,Read from HW,Double,tag954
ni.var.io://localhost/Variable956,Read from HW,Double,tag955
ni.var.io://localhost/Variable957,Read from HW,Double,tag956
ni.var.io://localhost/Variable958,Read from HW,Double,tag957
ni.var.io://localhost/Variable959,Read from HW,Double,tag958
ni.var.io://localhost/Variable960,Read from HW,Double,tag959
ni.var.io://localhost/Variable961,Read from HW,Double,tag960
ni.var.io://localhost/Variable962,Read from HW,Double,tag961
ni.var.io://localhost/Variable963,Read from HW,Double,tag962
ni.var.io://localhost/Variable964,Read from HW,Double,tag963
ni.var.io://localhost/Variable965,Read from HW,Double,tag964
ni.var.io://localhost/Variable966,Read from HW,Double,tag965
ni.var.io://localhost/Variable967,Read from HW,Double,tag966
ni.var.io://localhost/Variable968,Read from HW,Double,tag967
ni.var.io://localhost/Variable969,Read from HW,Double,tag968
ni.var.io://localhost/Variable970,Read from HW,Double,tag969
ni.var.io://localhost/Variable971,Read from HW,Double,tag970
ni.var.io://localhost/Variable972,Read from HW,Double,tag971
ni.var.io://localhost/Variable973,Read from HW,Double,tag972
ni.var.io://localhost/Variable974,Read from HW,Double,tag973
ni.var.io://localhost/Variable975,Read from HW,Double,tag974
ni.var.io://localhost/Variable976,Read from HW,Double,tag975
ni.var.io://localhost/Variable977,Read from HW,Double,tag976
ni.var.io://localhost/Variable978,Read from HW,Double,tag977
ni.var.io://localhost/Variable979,Read from HW,Double,tag978
ni.var.io://localhost/Variable980,Read from HW,Double,tag979
ni.var.io://localhost/Variable981,Read from HW,Double,tag980
ni.var.io://localhost/Variable982,Read from HW,Double,tag981
ni.var.io://localhost/Variable983,Read from HW,Double,tag982
ni.var.io://localhost/Variable984,Read from HW,Double,tag983
ni.var.io://localhost/Variable985,Read from HW,Double,tag984
ni.var.io://localhost/Variable986,Read from HW,Double,tag985
ni.var.io://localhost/Variable987,Read from HW,Double,tag986
ni.var.io://localhost/Variable988,Read from HW,Double,tag987
ni.var.io://localhost/Variable989,Read from HW,Double,tag988
ni.var.io://localhost/Variable990,Read from HW,Double,tag989
ni.var.io://localhost/Variable991,Read from HW,Double,tag990
ni.var.io://localhost/Variable992,Read from HW,Double,tag991
ni.var.io://localhost/Variable993,Read from HW,Double,tag992
ni.var.io://localhost/Variable994,Read from HW,Double,tag993
ni.var.io://localhost/Variable995,Read from HW,Double,tag994
ni.var.io://localhost/Variable996,Read from HW,Double,tag995
ni.var.io://localhost/Variable997,Read from HW,Double,tag996
ni.var.io://localhost/Variable998,Read from HW,Double,tag997
ni.var.io://localhost/Variable999,Read from HW,Double,tag998
ni.var.io://localhost/Variable1000,Read from HW,Double,tag999
