ni.var.io://localhost/Variable1,Write to HW,Double,tag0
ni.var.io://localhost/Variable2,Write to HW,Double,tag1
ni.var.io://localhost/Variable3,Write to HW,Double,tag2
ni.var.io://localhost/Variable4,Write to HW,Double,tag3
ni.var.io://localhost/Variable5,Write to HW,Double,tag4
ni.var.io://localhost/Variable6,Write to HW,Double,tag5
ni.var.io://localhost/Variable7,Write to HW,Double,tag6
ni.var.io://localhost/Variable8,Write to HW,Double,tag7
ni.var.io://localhost/Variable9,Write to HW,Double,tag8
ni.var.io://localhost/Variable10,Write to HW,Double,tag9
ni.var.io://localhost/Variable11,Write to HW,Double,tag10
ni.var.io://localhost/Variable12,Write to HW,Double,tag11
ni.var.io://localhost/Variable13,Write to HW,Double,tag12
ni.var.io://localhost/Variable14,Write to HW,Double,tag13
ni.var.io://localhost/Variable15,Write to HW,Double,tag14
ni.var.io://localhost/Variable16,Write to HW,Double,tag15
ni.var.io://localhost/Variable17,Write to HW,Double,tag16
ni.var.io://localhost/Variable18,Write to HW,Double,tag17
ni.var.io://localhost/Variable19,Write to HW,Double,tag18
ni.var.io://localhost/Variable20,Write to HW,Double,tag19
ni.var.io://localhost/Variable21,Write to HW,Double,tag20
ni.var.io://localhost/Variable22,Write to HW,Double,tag21
ni.var.io://localhost/Variable23,Write to HW,Double,tag22
ni.var.io://localhost/Variable24,Write to HW,Double,tag23
ni.var.io://localhost/Variable25,Write to HW,Double,tag24
ni.var.io://localhost/Variable26,Write to HW,Double,tag25
ni.var.io://localhost/Variable27,Write to HW,Double,tag26
ni.var.io://localhost/Variable28,Write to HW,Double,tag27
ni.var.io://localhost/Variable29,Write to HW,Double,tag28
ni.var.io://localhost/Variable30,Write to HW,Double,tag29
ni.var.io://localhost/Variable31,Write to HW,Double,tag30
ni.var.io://localhost/Variable32,Write to HW,Double,tag31
ni.var.io://localhost/Variable33,Write to HW,Double,tag32
ni.var.io://localhost/Variable34,Write to HW,Double,tag33
ni.var.io://localhost/Variable35,Write to HW,Double,tag34
ni.var.io://localhost/Variable36,Write to HW,Double,tag35
ni.var.io://localhost/Variable37,Write to HW,Double,tag36
ni.var.io://localhost/Variable38,Write to HW,Double,tag37
ni.var.io://localhost/Variable39,Write to HW,Double,tag38
ni.var.io://localhost/Variable40,Write to HW,Double,tag39
ni.var.io://localhost/Variable41,Write to HW,Double,tag40
ni.var.io://localhost/Variable42,Write to HW,Double,tag41
ni.var.io://localhost/Variable43,Write to HW,Double,tag42
ni.var.io://localhost/Variable44,Write to HW,Double,tag43
ni.var.io://localhost/Variable45,Write to HW,Double,tag44
ni.var.io://localhost/Variable46,Write to HW,Double,tag45
ni.var.io://localhost/Variable47,Write to HW,Double,tag46
ni.var.io://localhost/Variable48,Write to HW,Double,tag47
ni.var.io://localhost/Variable49,Write to HW,Double,tag48
ni.var.io://localhost/Variable50,Write to HW,Double,tag49
ni.var.io://localhost/Variable51,Write to HW,Double,tag50
ni.var.io://localhost/Variable52,Write to HW,Double,tag51
ni.var.io://localhost/Variable53,Write to HW,Double,tag52
ni.var.io://localhost/Variable54,Write to HW,Double,tag53
ni.var.io://localhost/Variable55,Write to HW,Double,tag54
ni.var.io://localhost/Variable56,Write to HW,Double,tag55
ni.var.io://localhost/Variable57,Write to HW,Double,tag56
ni.var.io://localhost/Variable58,Write to HW,Double,tag57
ni.var.io://localhost/Variable59,Write to HW,Double,tag58
ni.var.io://localhost/Variable60,Write to HW,Double,tag59
ni.var.io://localhost/Variable61,Write to HW,Double,tag60
ni.var.io://localhost/Variable62,Write to HW,Double,tag61
ni.var.io://localhost/Variable63,Write to HW,Double,tag62
ni.var.io://localhost/Variable64,Write to HW,Double,tag63
ni.var.io://localhost/Variable65,Write to HW,Double,tag64
ni.var.io://localhost/Variable66,Write to HW,Double,tag65
ni.var.io://localhost/Variable67,Write to HW,Double,tag66
ni.var.io://localhost/Variable68,Write to HW,Double,tag67
ni.var.io://localhost/Variable69,Write to HW,Double,tag68
ni.var.io://localhost/Variable70,Write to HW,Double,tag69
ni.var.io://localhost/Variable71,Write to HW,Double,tag70
ni.var.io://localhost/Variable72,Write to HW,Double,tag71
ni.var.io://localhost/Variable73,Write to HW,Double,tag72
ni.var.io://localhost/Variable74,Write to HW,Double,tag73
ni.var.io://localhost/Variable75,Write to HW,Double,tag74
ni.var.io://localhost/Variable76,Write to HW,Double,tag75
ni.var.io://localhost/Variable77,Write to HW,Double,tag76
ni.var.io://localhost/Variable78,Write to HW,Double,tag77
ni.var.io://localhost/Variable79,Write to HW,Double,tag78
ni.var.io://localhost/Variable80,Write to HW,Double,tag79
ni.var.io://localhost/Variable81,Write to HW,Double,tag80
ni.var.io://localhost/Variable82,Write to HW,Double,tag81
ni.var.io://localhost/Variable83,Write to HW,Double,tag82
ni.var.io://localhost/Variable84,Write to HW,Double,tag83
ni.var.io://localhost/Variable85,Write to HW,Double,tag84
ni.var.io://localhost/Variable86,Write to HW,Double,tag85
ni.var.io://localhost/Variable87,Write to HW,Double,tag86
ni.var.io://localhost/Variable88,Write to HW,Double,tag87
ni.var.io://localhost/Variable89,Write to HW,Double,tag88
ni.var.io://localhost/Variable90,Write to HW,Double,tag89
ni.var.io://localhost/Variable91,Write to HW,Double,tag90
ni.var.io://localhost/Variable92,Write to HW,Double,tag91
ni.var.io://localhost/Variable93,Write to HW,Double,tag92
ni.var.io://localhost/Variable94,Write to HW,Double,tag93
ni.var.io://localhost/Variable95,Write to HW,Double,tag94
ni.var.io://localhost/Variable96,Write to HW,Double,tag95
ni.var.io://localhost/Variable97,Write to HW,Double,tag96
ni.var.io://localhost/Variable98,Write to HW,Double,tag97
ni.var.io://localhost/Variable99,Write to HW,Double,tag98
ni.var.io://localhost/Variable100,Write to HW,Double,tag99
ni.var.io://localhost/Variable101,Write to HW,Double,tag100
ni.var.io://localhost/Variable102,Write to HW,Double,tag101
ni.var.io://localhost/Variable103,Write to HW,Double,tag102
ni.var.io://localhost/Variable104,Write to HW,Double,tag103
ni.var.io://localhost/Variable105,Write to HW,Double,tag104
ni.var.io://localhost/Variable106,Write to HW,Double,tag105
ni.var.io://localhost/Variable107,Write to HW,Double,tag106
ni.var.io://localhost/Variable108,Write to HW,Double,tag107
ni.var.io://localhost/Variable109,Write to HW,Double,tag108
ni.var.io://localhost/Variable110,Write to HW,Double,tag109
ni.var.io://localhost/Variable111,Write to HW,Double,tag110
ni.var.io://localhost/Variable112,Write to HW,Double,tag111
ni.var.io://localhost/Variable113,Write to HW,Double,tag112
ni.var.io://localhost/Variable114,Write to HW,Double,tag113
ni.var.io://localhost/Variable115,Write to HW,Double,tag114
ni.var.io://localhost/Variable116,Write to HW,Double,tag115
ni.var.io://localhost/Variable117,Write to HW,Double,tag116
ni.var.io://localhost/Variable118,Write to HW,Double,tag117
ni.var.io://localhost/Variable119,Write to HW,Double,tag118
ni.var.io://localhost/Variable120,Write to HW,Double,tag119
ni.var.io://localhost/Variable121,Write to HW,Double,tag120
ni.var.io://localhost/Variable122,Write to HW,Double,tag121
ni.var.io://localhost/Variable123,Write to HW,Double,tag122
ni.var.io://localhost/Variable124,Write to HW,Double,tag123
ni.var.io://localhost/Variable125,Write to HW,Double,tag124
ni.var.io://localhost/Variable126,Write to HW,Double,tag125
ni.var.io://localhost/Variable127,Write to HW,Double,tag126
ni.var.io://localhost/Variable128,Write to HW,Double,tag127
ni.var.io://localhost/Variable129,Write to HW,Double,tag128
ni.var.io://localhost/Variable130,Write to HW,Double,tag129
ni.var.io://localhost/Variable131,Write to HW,Double,tag130
ni.var.io://localhost/Variable132,Write to HW,Double,tag131
ni.var.io://localhost/Variable133,Write to HW,Double,tag132
ni.var.io://localhost/Variable134,Write to HW,Double,tag133
ni.var.io://localhost/Variable135,Write to HW,Double,tag134
ni.var.io://localhost/Variable136,Write to HW,Double,tag135
ni.var.io://localhost/Variable137,Write to HW,Double,tag136
ni.var.io://localhost/Variable138,Write to HW,Double,tag137
ni.var.io://localhost/Variable139,Write to HW,Double,tag138
ni.var.io://localhost/Variable140,Write to HW,Double,tag139
ni.var.io://localhost/Variable141,Write to HW,Double,tag140
ni.var.io://localhost/Variable142,Write to HW,Double,tag141
ni.var.io://localhost/Variable143,Write to HW,Double,tag142
ni.var.io://localhost/Variable144,Write to HW,Double,tag143
ni.var.io://localhost/Variable145,Write to HW,Double,tag144
ni.var.io://localhost/Variable146,Write to HW,Double,tag145
ni.var.io://localhost/Variable147,Write to HW,Double,tag146
ni.var.io://localhost/Variable148,Write to HW,Double,tag147
ni.var.io://localhost/Variable149,Write to HW,Double,tag148
ni.var.io://localhost/Variable150,Write to HW,Double,tag149
ni.var.io://localhost/Variable151,Write to HW,Double,tag150
ni.var.io://localhost/Variable152,Write to HW,Double,tag151
ni.var.io://localhost/Variable153,Write to HW,Double,tag152
ni.var.io://localhost/Variable154,Write to HW,Double,tag153
ni.var.io://localhost/Variable155,Write to HW,Double,tag154
ni.var.io://localhost/Variable156,Write to HW,Double,tag155
ni.var.io://localhost/Variable157,Write to HW,Double,tag156
ni.var.io://localhost/Variable158,Write to HW,Double,tag157
ni.var.io://localhost/Variable159,Write to HW,Double,tag158
ni.var.io://localhost/Variable160,Write to HW,Double,tag159
ni.var.io://localhost/Variable161,Write to HW,Double,tag160
ni.var.io://localhost/Variable162,Write to HW,Double,tag161
ni.var.io://localhost/Variable163,Write to HW,Double,tag162
ni.var.io://localhost/Variable164,Write to HW,Double,tag163
ni.var.io://localhost/Variable165,Write to HW,Double,tag164
ni.var.io://localhost/Variable166,Write to HW,Double,tag165
ni.var.io://localhost/Variable167,Write to HW,Double,tag166
ni.var.io://localhost/Variable168,Write to HW,Double,tag167
ni.var.io://localhost/Variable169,Write to HW,Double,tag168
ni.var.io://localhost/Variable170,Write to HW,Double,tag169
ni.var.io://localhost/Variable171,Write to HW,Double,tag170
ni.var.io://localhost/Variable172,Write to HW,Double,tag171
ni.var.io://localhost/Variable173,Write to HW,Double,tag172
ni.var.io://localhost/Variable174,Write to HW,Double,tag173
ni.var.io://localhost/Variable175,Write to HW,Double,tag174
ni.var.io://localhost/Variable176,Write to HW,Double,tag175
ni.var.io://localhost/Variable177,Write to HW,Double,tag176
ni.var.io://localhost/Variable178,Write to HW,Double,tag177
ni.var.io://localhost/Variable179,Write to HW,Double,tag178
ni.var.io://localhost/Variable180,Write to HW,Double,tag179
ni.var.io://localhost/Variable181,Write to HW,Double,tag180
ni.var.io://localhost/Variable182,Write to HW,Double,tag181
ni.var.io://localhost/Variable183,Write to HW,Double,tag182
ni.var.io://localhost/Variable184,Write to HW,Double,tag183
ni.var.io://localhost/Variable185,Write to HW,Double,tag184
ni.var.io://localhost/Variable186,Write to HW,Double,tag185
ni.var.io://localhost/Variable187,Write to HW,Double,tag186
ni.var.io://localhost/Variable188,Write to HW,Double,tag187
ni.var.io://localhost/Variable189,Write to HW,Double,tag188
ni.var.io://localhost/Variable190,Write to HW,Double,tag189
ni.var.io://localhost/Variable191,Write to HW,Double,tag190
ni.var.io://localhost/Variable192,Write to HW,Double,tag191
ni.var.io://localhost/Variable193,Write to HW,Double,tag192
ni.var.io://localhost/Variable194,Write to HW,Double,tag193
ni.var.io://localhost/Variable195,Write to HW,Double,tag194
ni.var.io://localhost/Variable196,Write to HW,Double,tag195
ni.var.io://localhost/Variable197,Write to HW,Double,tag196
ni.var.io://localhost/Variable198,Write to HW,Double,tag197
ni.var.io://localhost/Variable199,Write to HW,Double,tag198
ni.var.io://localhost/Variable200,Write to HW,Double,tag199
ni.var.io://localhost/Variable201,Write to HW,Double,tag200
ni.var.io://localhost/Variable202,Write to HW,Double,tag201
ni.var.io://localhost/Variable203,Write to HW,Double,tag202
ni.var.io://localhost/Variable204,Write to HW,Double,tag203
ni.var.io://localhost/Variable205,Write to HW,Double,tag204
ni.var.io://localhost/Variable206,Write to HW,Double,tag205
ni.var.io://localhost/Variable207,Write to HW,Double,tag206
ni.var.io://localhost/Variable208,Write to HW,Double,tag207
ni.var.io://localhost/Variable209,Write to HW,Double,tag208
ni.var.io://localhost/Variable210,Write to HW,Double,tag209
ni.var.io://localhost/Variable211,Write to HW,Double,tag210
ni.var.io://localhost/Variable212,Write to HW,Double,tag211
ni.var.io://localhost/Variable213,Write to HW,Double,tag212
ni.var.io://localhost/Variable214,Write to HW,Double,tag213
ni.var.io://localhost/Variable215,Write to HW,Double,tag214
ni.var.io://localhost/Variable216,Write to HW,Double,tag215
ni.var.io://localhost/Variable217,Write to HW,Double,tag216
ni.var.io://localhost/Variable218,Write to HW,Double,tag217
ni.var.io://localhost/Variable219,Write to HW,Double,tag218
ni.var.io://localhost/Variable220,Write to HW,Double,tag219
ni.var.io://localhost/Variable221,Write to HW,Double,tag220
ni.var.io://localhost/Variable222,Write to HW,Double,tag221
ni.var.io://localhost/Variable223,Write to HW,Double,tag222
ni.var.io://localhost/Variable224,Write to HW,Double,tag223
ni.var.io://localhost/Variable225,Write to HW,Double,tag224
ni.var.io://localhost/Variable226,Write to HW,Double,tag225
ni.var.io://localhost/Variable227,Write to HW,Double,tag226
ni.var.io://localhost/Variable228,Write to HW,Double,tag227
ni.var.io://localhost/Variable229,Write to HW,Double,tag228
ni.var.io://localhost/Variable230,Write to HW,Double,tag229
ni.var.io://localhost/Variable231,Write to HW,Double,tag230
ni.var.io://localhost/Variable232,Write to HW,Double,tag231
ni.var.io://localhost/Variable233,Write to HW,Double,tag232
ni.var.io://localhost/Variable234,Write to HW,Double,tag233
ni.var.io://localhost/Variable235,Write to HW,Double,tag234
ni.var.io://localhost/Variable236,Write to HW,Double,tag235
ni.var.io://localhost/Variable237,Write to HW,Double,tag236
ni.var.io://localhost/Variable238,Write to HW,Double,tag237
ni.var.io://localhost/Variable239,Write to HW,Double,tag238
ni.var.io://localhost/Variable240,Write to HW,Double,tag239
ni.var.io://localhost/Variable241,Write to HW,Double,tag240
ni.var.io://localhost/Variable242,Write to HW,Double,tag241
ni.var.io://localhost/Variable243,Write to HW,Double,tag242
ni.var.io://localhost/Variable244,Write to HW,Double,tag243
ni.var.io://localhost/Variable245,Write to HW,Double,tag244
ni.var.io://localhost/Variable246,Write to HW,Double,tag245
ni.var.io://localhost/Variable247,Write to HW,Double,tag246
ni.var.io://localhost/Variable248,Write to HW,Double,tag247
ni.var.io://localhost/Variable249,Write to HW,Double,tag248
ni.var.io://localhost/Variable250,Write to HW,Double,tag249
ni.var.io://localhost/Variable251,Write to HW,Double,tag250
ni.var.io://localhost/Variable252,Write to HW,Double,tag251
ni.var.io://localhost/Variable253,Write to HW,Double,tag252
ni.var.io://localhost/Variable254,Write to HW,Double,tag253
ni.var.io://localhost/Variable255,Write to HW,Double,tag254
ni.var.io://localhost/Variable256,Write to HW,Double,tag255
ni.var.io://localhost/Variable257,Write to HW,Double,tag256
ni.var.io://localhost/Variable258,Write to HW,Double,tag257
ni.var.io://localhost/Variable259,Write to HW,Double,tag258
ni.var.io://localhost/Variable260,Write to HW,Double,tag259
ni.var.io://localhost/Variable261,Write to HW,Double,tag260
ni.var.io://localhost/Variable262,Write to HW,Double,tag261
ni.var.io://localhost/Variable263,Write to HW,Double,tag262
ni.var.io://localhost/Variable264,Write to HW,Double,tag263
ni.var.io://localhost/Variable265,Write to HW,Double,tag264
ni.var.io://localhost/Variable266,Write to HW,Double,tag265
ni.var.io://localhost/Variable267,Write to HW,Double,tag266
ni.var.io://localhost/Variable268,Write to HW,Double,tag267
ni.var.io://localhost/Variable269,Write to HW,Double,tag268
ni.var.io://localhost/Variable270,Write to HW,Double,tag269
ni.var.io://localhost/Variable271,Write to HW,Double,tag270
ni.var.io://localhost/Variable272,Write to HW,Double,tag271
ni.var.io://localhost/Variable273,Write to HW,Double,tag272
ni.var.io://localhost/Variable274,Write to HW,Double,tag273
ni.var.io://localhost/Variable275,Write to HW,Double,tag274
ni.var.io://localhost/Variable276,Write to HW,Double,tag275
ni.var.io://localhost/Variable277,Write to HW,Double,tag276
ni.var.io://localhost/Variable278,Write to HW,Double,tag277
ni.var.io://localhost/Variable279,Write to HW,Double,tag278
ni.var.io://localhost/Variable280,Write to HW,Double,tag279
ni.var.io://localhost/Variable281,Write to HW,Double,tag280
ni.var.io://localhost/Variable282,Write to HW,Double,tag281
ni.var.io://localhost/Variable283,Write to HW,Double,tag282
ni.var.io://localhost/Variable284,Write to HW,Double,tag283
ni.var.io://localhost/Variable285,Write to HW,Double,tag284
ni.var.io://localhost/Variable286,Write to HW,Double,tag285
ni.var.io://localhost/Variable287,Write to HW,Double,tag286
ni.var.io://localhost/Variable288,Write to HW,Double,tag287
ni.var.io://localhost/Variable289,Write to HW,Double,tag288
ni.var.io://localhost/Variable290,Write to HW,Double,tag289
ni.var.io://localhost/Variable291,Write to HW,Double,tag290
ni.var.io://localhost/Variable292,Write to HW,Double,tag291
ni.var.io://localhost/Variable293,Write to HW,Double,tag292
ni.var.io://localhost/Variable294,Write to HW,Double,tag293
ni.var.io://localhost/Variable295,Write to HW,Double,tag294
ni.var.io://localhost/Variable296,Write to HW,Double,tag295
ni.var.io://localhost/Variable297,Write to HW,Double,tag296
ni.var.io://localhost/Variable298,Write to HW,Double,tag297
ni.var.io://localhost/Variable299,Write to HW,Double,tag298
ni.var.io://localhost/Variable300,Write to HW,Double,tag299
ni.var.io://localhost/Variable301,Write to HW,Double,tag300
ni.var.io://localhost/Variable302,Write to HW,Double,tag301
ni.var.io://localhost/Variable303,Write to HW,Double,tag302
ni.var.io://localhost/Variable304,Write to HW,Double,tag303
ni.var.io://localhost/Variable305,Write to HW,Double,tag304
ni.var.io://localhost/Variable306,Write to HW,Double,tag305
ni.var.io://localhost/Variable307,Write to HW,Double,tag306
ni.var.io://localhost/Variable308,Write to HW,Double,tag307
ni.var.io://localhost/Variable309,Write to HW,Double,tag308
ni.var.io://localhost/Variable310,Write to HW,Double,tag309
ni.var.io://localhost/Variable311,Write to HW,Double,tag310
ni.var.io://localhost/Variable312,Write to HW,Double,tag311
ni.var.io://localhost/Variable313,Write to HW,Double,tag312
ni.var.io://localhost/Variable314,Write to HW,Double,tag313
ni.var.io://localhost/Variable315,Write to HW,Double,tag314
ni.var.io://localhost/Variable316,Write to HW,Double,tag315
ni.var.io://localhost/Variable317,Write to HW,Double,tag316
ni.var.io://localhost/Variable318,Write to HW,Double,tag317
ni.var.io://localhost/Variable319,Write to HW,Double,tag318
ni.var.io://localhost/Variable320,Write to HW,Double,tag319
ni.var.io://localhost/Variable321,Write to HW,Double,tag320
ni.var.io://localhost/Variable322,Write to HW,Double,tag321
ni.var.io://localhost/Variable323,Write to HW,Double,tag322
ni.var.io://localhost/Variable324,Write to HW,Double,tag323
ni.var.io://localhost/Variable325,Write to HW,Double,tag324
ni.var.io://localhost/Variable326,Write to HW,Double,tag325
ni.var.io://localhost/Variable327,Write to HW,Double,tag326
ni.var.io://localhost/Variable328,Write to HW,Double,tag327
ni.var.io://localhost/Variable329,Write to HW,Double,tag328
ni.var.io://localhost/Variable330,Write to HW,Double,tag329
ni.var.io://localhost/Variable331,Write to HW,Double,tag330
ni.var.io://localhost/Variable332,Write to HW,Double,tag331
ni.var.io://localhost/Variable333,Write to HW,Double,tag332
ni.var.io://localhost/Variable334,Write to HW,Double,tag333
ni.var.io://localhost/Variable335,Write to HW,Double,tag334
ni.var.io://localhost/Variable336,Write to HW,Double,tag335
ni.var.io://localhost/Variable337,Write to HW,Double,tag336
ni.var.io://localhost/Variable338,Write to HW,Double,tag337
ni.var.io://localhost/Variable339,Write to HW,Double,tag338
ni.var.io://localhost/Variable340,Write to HW,Double,tag339
ni.var.io://localhost/Variable341,Write to HW,Double,tag340
ni.var.io://localhost/Variable342,Write to HW,Double,tag341
ni.var.io://localhost/Variable343,Write to HW,Double,tag342
ni.var.io://localhost/Variable344,Write to HW,Double,tag343
ni.var.io://localhost/Variable345,Write to HW,Double,tag344
ni.var.io://localhost/Variable346,Write to HW,Double,tag345
ni.var.io://localhost/Variable347,Write to HW,Double,tag346
ni.var.io://localhost/Variable348,Write to HW,Double,tag347
ni.var.io://localhost/Variable349,Write to HW,Double,tag348
ni.var.io://localhost/Variable350,Write to HW,Double,tag349
ni.var.io://localhost/Variable351,Write to HW,Double,tag350
ni.var.io://localhost/Variable352,Write to HW,Double,tag351
ni.var.io://localhost/Variable353,Write to HW,Double,tag352
ni.var.io://localhost/Variable354,Write to HW,Double,tag353
ni.var.io://localhost/Variable355,Write to HW,Double,tag354
ni.var.io://localhost/Variable356,Write to HW,Double,tag355
ni.var.io://localhost/Variable357,Write to HW,Double,tag356
ni.var.io://localhost/Variable358,Write to HW,Double,tag357
ni.var.io://localhost/Variable359,Write to HW,Double,tag358
ni.var.io://localhost/Variable360,Write to HW,Double,tag359
ni.var.io://localhost/Variable361,Write to HW,Double,tag360
ni.var.io://localhost/Variable362,Write to HW,Double,tag361
ni.var.io://localhost/Variable363,Write to HW,Double,tag362
ni.var.io://localhost/Variable364,Write to HW,Double,tag363
ni.var.io://localhost/Variable365,Write to HW,Double,tag364
ni.var.io://localhost/Variable366,Write to HW,Double,tag365
ni.var.io://localhost/Variable367,Write to HW,Double,tag366
ni.var.io://localhost/Variable368,Write to HW,Double,tag367
ni.var.io://localhost/Variable369,Write to HW,Double,tag368
ni.var.io://localhost/Variable370,Write to HW,Double,tag369
ni.var.io://localhost/Variable371,Write to HW,Double,tag370
ni.var.io://localhost/Variable372,Write to HW,Double,tag371
ni.var.io://localhost/Variable373,Write to HW,Double,tag372
ni.var.io://localhost/Variable374,Write to HW,Double,tag373
ni.var.io://localhost/Variable375,Write to HW,Double,tag374
ni.var.io://localhost/Variable376,Write to HW,Double,tag375
ni.var.io://localhost/Variable377,Write to HW,Double,tag376
ni.var.io://localhost/Variable378,Write to HW,Double,tag377
ni.var.io://localhost/Variable379,Write to HW,Double,tag378
ni.var.io://localhost/Variable380,Write to HW,Double,tag379
ni.var.io://localhost/Variable381,Write to HW,Double,tag380
ni.var.io://localhost/Variable382,Write to HW,Double,tag381
ni.var.io://localhost/Variable383,Write to HW,Double,tag382
ni.var.io://localhost/Variable384,Write to HW,Double,tag383
ni.var.io://localhost/Variable385,Write to HW,Double,tag384
ni.var.io://localhost/Variable386,Write to HW,Double,tag385
ni.var.io://localhost/Variable387,Write to HW,Double,tag386
ni.var.io://localhost/Variable388,Write to HW,Double,tag387
ni.var.io://localhost/Variable389,Write to HW,Double,tag388
ni.var.io://localhost/Variable390,Write to HW,Double,tag389
ni.var.io://localhost/Variable391,Write to HW,Double,tag390
ni.var.io://localhost/Variable392,Write to HW,Double,tag391
ni.var.io://localhost/Variable393,Write to HW,Double,tag392
ni.var.io://localhost/Variable394,Write to HW,Double,tag393
ni.var.io://localhost/Variable395,Write to HW,Double,tag394
ni.var.io://localhost/Variable396,Write to HW,Double,tag395
ni.var.io://localhost/Variable397,Write to HW,Double,tag396
ni.var.io://localhost/Variable398,Write to HW,Double,tag397
ni.var.io://localhost/Variable399,Write to HW,Double,tag398
ni.var.io://localhost/Variable400,Write to HW,Double,tag399
ni.var.io://localhost/Variable401,Write to HW,Double,tag400
ni.var.io://localhost/Variable402,Write to HW,Double,tag401
ni.var.io://localhost/Variable403,Write to HW,Double,tag402
ni.var.io://localhost/Variable404,Write to HW,Double,tag403
ni.var.io://localhost/Variable405,Write to HW,Double,tag404
ni.var.io://localhost/Variable406,Write to HW,Double,tag405
ni.var.io://localhost/Variable407,Write to HW,Double,tag406
ni.var.io://localhost/Variable408,Write to HW,Double,tag407
ni.var.io://localhost/Variable409,Write to HW,Double,tag408
ni.var.io://localhost/Variable410,Write to HW,Double,tag409
ni.var.io://localhost/Variable411,Write to HW,Double,tag410
ni.var.io://localhost/Variable412,Write to HW,Double,tag411
ni.var.io://localhost/Variable413,Write to HW,Double,tag412
ni.var.io://localhost/Variable414,Write to HW,Double,tag413
ni.var.io://localhost/Variable415,Write to HW,Double,tag414
ni.var.io://localhost/Variable416,Write to HW,Double,tag415
ni.var.io://localhost/Variable417,Write to HW,Double,tag416
ni.var.io://localhost/Variable418,Write to HW,Double,tag417
ni.var.io://localhost/Variable419,Write to HW,Double,tag418
ni.var.io://localhost/Variable420,Write to HW,Double,tag419
ni.var.io://localhost/Variable421,Write to HW,Double,tag420
ni.var.io://localhost/Variable422,Write to HW,Double,tag421
ni.var.io://localhost/Variable423,Write to HW,Double,tag422
ni.var.io://localhost/Variable424,Write to HW,Double,tag423
ni.var.io://localhost/Variable425,Write to HW,Double,tag424
ni.var.io://localhost/Variable426,Write to HW,Double,tag425
ni.var.io://localhost/Variable427,Write to HW,Double,tag426
ni.var.io://localhost/Variable428,Write to HW,Double,tag427
ni.var.io://localhost/Variable429,Write to HW,Double,tag428
ni.var.io://localhost/Variable430,Write to HW,Double,tag429
ni.var.io://localhost/Variable431,Write to HW,Double,tag430
ni.var.io://localhost/Variable432,Write to HW,Double,tag431
ni.var.io://localhost/Variable433,Write to HW,Double,tag432
ni.var.io://localhost/Variable434,Write to HW,Double,tag433
ni.var.io://localhost/Variable435,Write to HW,Double,tag434
ni.var.io://localhost/Variable436,Write to HW,Double,tag435
ni.var.io://localhost/Variable437,Write to HW,Double,tag436
ni.var.io://localhost/Variable438,Write to HW,Double,tag437
ni.var.io://localhost/Variable439,Write to HW,Double,tag438
ni.var.io://localhost/Variable440,Write to HW,Double,tag439
ni.var.io://localhost/Variable441,Write to HW,Double,tag440
ni.var.io://localhost/Variable442,Write to HW,Double,tag441
ni.var.io://localhost/Variable443,Write to HW,Double,tag442
ni.var.io://localhost/Variable444,Write to HW,Double,tag443
ni.var.io://localhost/Variable445,Write to HW,Double,tag444
ni.var.io://localhost/Variable446,Write to HW,Double,tag445
ni.var.io://localhost/Variable447,Write to HW,Double,tag446
ni.var.io://localhost/Variable448,Write to HW,Double,tag447
ni.var.io://localhost/Variable449,Write to HW,Double,tag448
ni.var.io://localhost/Variable450,Write to HW,Double,tag449
ni.var.io://localhost/Variable451,Write to HW,Double,tag450
ni.var.io://localhost/Variable452,Write to HW,Double,tag451
ni.var.io://localhost/Variable453,Write to HW,Double,tag452
ni.var.io://localhost/Variable454,Write to HW,Double,tag453
ni.var.io://localhost/Variable455,Write to HW,Double,tag454
ni.var.io://localhost/Variable456,Write to HW,Double,tag455
ni.var.io://localhost/Variable457,Write to HW,Double,tag456
ni.var.io://localhost/Variable458,Write to HW,Double,tag457
ni.var.io://localhost/Variable459,Write to HW,Double,tag458
ni.var.io://localhost/Variable460,Write to HW,Double,tag459
ni.var.io://localhost/Variable461,Write to HW,Double,tag460
ni.var.io://localhost/Variable462,Write to HW,Double,tag461
ni.var.io://localhost/Variable463,Write to HW,Double,tag462
ni.var.io://localhost/Variable464,Write to HW,Double,tag463
ni.var.io://localhost/Variable465,Write to HW,Double,tag464
ni.var.io://localhost/Variable466,Write to HW,Double,tag465
ni.var.io://localhost/Variable467,Write to HW,Double,tag466
ni.var.io://localhost/Variable468,Write to HW,Double,tag467
ni.var.io://localhost/Variable469,Write to HW,Double,tag468
ni.var.io://localhost/Variable470,Write to HW,Double,tag469
ni.var.io://localhost/Variable471,Write to HW,Double,tag470
ni.var.io://localhost/Variable472,Write to HW,Double,tag471
ni.var.io://localhost/Variable473,Write to HW,Double,tag472
ni.var.io://localhost/Variable474,Write to HW,Double,tag473
ni.var.io://localhost/Variable475,Write to HW,Double,tag474
ni.var.io://localhost/Variable476,Write to HW,Double,tag475
ni.var.io://localhost/Variable477,Write to HW,Double,tag476
ni.var.io://localhost/Variable478,Write to HW,Double,tag477
ni.var.io://localhost/Variable479,Write to HW,Double,tag478
ni.var.io://localhost/Variable480,Write to HW,Double,tag479
ni.var.io://localhost/Variable481,Write to HW,Double,tag480
ni.var.io://localhost/Variable482,Write to HW,Double,tag481
ni.var.io://localhost/Variable483,Write to HW,Double,tag482
ni.var.io://localhost/Variable484,Write to HW,Double,tag483
ni.var.io://localhost/Variable485,Write to HW,Double,tag484
ni.var.io://localhost/Variable486,Write to HW,Double,tag485
ni.var.io://localhost/Variable487,Write to HW,Double,tag486
ni.var.io://localhost/Variable488,Write to HW,Double,tag487
ni.var.io://localhost/Variable489,Write to HW,Double,tag488
ni.var.io://localhost/Variable490,Write to HW,Double,tag489
ni.var.io://localhost/Variable491,Write to HW,Double,tag490
ni.var.io://localhost/Variable492,Write to HW,Double,tag491
ni.var.io://localhost/Variable493,Write to HW,Double,tag492
ni.var.io://localhost/Variable494,Write to HW,Double,tag493
ni.var.io://localhost/Variable495,Write to HW,Double,tag494
ni.var.io://localhost/Variable496,Write to HW,Double,tag495
ni.var.io://localhost/Variable497,Write to HW,Double,tag496
ni.var.io://localhost/Variable498,Write to HW,Double,tag497
ni.var.io://localhost/Variable499,Write to HW,Double,tag498
ni.var.io://localhost/Variable500,Write to HW,Double,tag499
ni.var.io://localhost/Variable501,Write to HW,Double,tag500
ni.var.io://localhost/Variable502,Write to HW,Double,tag501
ni.var.io://localhost/Variable503,Write to HW,Double,tag502
ni.var.io://localhost/Variable504,Write to HW,Double,tag503
ni.var.io://localhost/Variable505,Write to HW,Double,tag504
ni.var.io://localhost/Variable506,Write to HW,Double,tag505
ni.var.io://localhost/Variable507,Write to HW,Double,tag506
ni.var.io://localhost/Variable508,Write to HW,Double,tag507
ni.var.io://localhost/Variable509,Write to HW,Double,tag508
ni.var.io://localhost/Variable510,Write to HW,Double,tag509
ni.var.io://localhost/Variable511,Write to HW,Double,tag510
ni.var.io://localhost/Variable512,Write to HW,Double,tag511
ni.var.io://localhost/Variable513,Write to HW,Double,tag512
ni.var.io://localhost/Variable514,Write to HW,Double,tag513
ni.var.io://localhost/Variable515,Write to HW,Double,tag514
ni.var.io://localhost/Variable516,Write to HW,Double,tag515
ni.var.io://localhost/Variable517,Write to HW,Double,tag516
ni.var.io://localhost/Variable518,Write to HW,Double,tag517
ni.var.io://localhost/Variable519,Write to HW,Double,tag518
ni.var.io://localhost/Variable520,Write to HW,Double,tag519
ni.var.io://localhost/Variable521,Write to HW,Double,tag520
ni.var.io://localhost/Variable522,Write to HW,Double,tag521
ni.var.io://localhost/Variable523,Write to HW,Double,tag522
ni.var.io://localhost/Variable524,Write to HW,Double,tag523
ni.var.io://localhost/Variable525,Write to HW,Double,tag524
ni.var.io://localhost/Variable526,Write to HW,Double,tag525
ni.var.io://localhost/Variable527,Write to HW,Double,tag526
ni.var.io://localhost/Variable528,Write to HW,Double,tag527
ni.var.io://localhost/Variable529,Write to HW,Double,tag528
ni.var.io://localhost/Variable530,Write to HW,Double,tag529
ni.var.io://localhost/Variable531,Write to HW,Double,tag530
ni.var.io://localhost/Variable532,Write to HW,Double,tag531
ni.var.io://localhost/Variable533,Write to HW,Double,tag532
ni.var.io://localhost/Variable534,Write to HW,Double,tag533
ni.var.io://localhost/Variable535,Write to HW,Double,tag534
ni.var.io://localhost/Variable536,Write to HW,Double,tag535
ni.var.io://localhost/Variable537,Write to HW,Double,tag536
ni.var.io://localhost/Variable538,Write to HW,Double,tag537
ni.var.io://localhost/Variable539,Write to HW,Double,tag538
ni.var.io://localhost/Variable540,Write to HW,Double,tag539
ni.var.io://localhost/Variable541,Write to HW,Double,tag540
ni.var.io://localhost/Variable542,Write to HW,Double,tag541
ni.var.io://localhost/Variable543,Write to HW,Double,tag542
ni.var.io://localhost/Variable544,Write to HW,Double,tag543
ni.var.io://localhost/Variable545,Write to HW,Double,tag544
ni.var.io://localhost/Variable546,Write to HW,Double,tag545
ni.var.io://localhost/Variable547,Write to HW,Double,tag546
ni.var.io://localhost/Variable548,Write to HW,Double,tag547
ni.var.io://localhost/Variable549,Write to HW,Double,tag548
ni.var.io://localhost/Variable550,Write to HW,Double,tag549
ni.var.io://localhost/Variable551,Write to HW,Double,tag550
ni.var.io://localhost/Variable552,Write to HW,Double,tag551
ni.var.io://localhost/Variable553,Write to HW,Double,tag552
ni.var.io://localhost/Variable554,Write to HW,Double,tag553
ni.var.io://localhost/Variable555,Write to HW,Double,tag554
ni.var.io://localhost/Variable556,Write to HW,Double,tag555
ni.var.io://localhost/Variable557,Write to HW,Double,tag556
ni.var.io://localhost/Variable558,Write to HW,Double,tag557
ni.var.io://localhost/Variable559,Write to HW,Double,tag558
ni.var.io://localhost/Variable560,Write to HW,Double,tag559
ni.var.io://localhost/Variable561,Write to HW,Double,tag560
ni.var.io://localhost/Variable562,Write to HW,Double,tag561
ni.var.io://localhost/Variable563,Write to HW,Double,tag562
ni.var.io://localhost/Variable564,Write to HW,Double,tag563
ni.var.io://localhost/Variable565,Write to HW,Double,tag564
ni.var.io://localhost/Variable566,Write to HW,Double,tag565
ni.var.io://localhost/Variable567,Write to HW,Double,tag566
ni.var.io://localhost/Variable568,Write to HW,Double,tag567
ni.var.io://localhost/Variable569,Write to HW,Double,tag568
ni.var.io://localhost/Variable570,Write to HW,Double,tag569
ni.var.io://localhost/Variable571,Write to HW,Double,tag570
ni.var.io://localhost/Variable572,Write to HW,Double,tag571
ni.var.io://localhost/Variable573,Write to HW,Double,tag572
ni.var.io://localhost/Variable574,Write to HW,Double,tag573
ni.var.io://localhost/Variable575,Write to HW,Double,tag574
ni.var.io://localhost/Variable576,Write to HW,Double,tag575
ni.var.io://localhost/Variable577,Write to HW,Double,tag576
ni.var.io://localhost/Variable578,Write to HW,Double,tag577
ni.var.io://localhost/Variable579,Write to HW,Double,tag578
ni.var.io://localhost/Variable580,Write to HW,Double,tag579
ni.var.io://localhost/Variable581,Write to HW,Double,tag580
ni.var.io://localhost/Variable582,Write to HW,Double,tag581
ni.var.io://localhost/Variable583,Write to HW,Double,tag582
ni.var.io://localhost/Variable584,Write to HW,Double,tag583
ni.var.io://localhost/Variable585,Write to HW,Double,tag584
ni.var.io://localhost/Variable586,Write to HW,Double,tag585
ni.var.io://localhost/Variable587,Write to HW,Double,tag586
ni.var.io://localhost/Variable588,Write to HW,Double,tag587
ni.var.io://localhost/Variable589,Write to HW,Double,tag588
ni.var.io://localhost/Variable590,Write to HW,Double,tag589
ni.var.io://localhost/Variable591,Write to HW,Double,tag590
ni.var.io://localhost/Variable592,Write to HW,Double,tag591
ni.var.io://localhost/Variable593,Write to HW,Double,tag592
ni.var.io://localhost/Variable594,Write to HW,Double,tag593
ni.var.io://localhost/Variable595,Write to HW,Double,tag594
ni.var.io://localhost/Variable596,Write to HW,Double,tag595
ni.var.io://localhost/Variable597,Write to HW,Double,tag596
ni.var.io://localhost/Variable598,Write to HW,Double,tag597
ni.var.io://localhost/Variable599,Write to HW,Double,tag598
ni.var.io://localhost/Variable600,Write to HW,Double,tag599
ni.var.io://localhost/Variable601,Write to HW,Double,tag600
ni.var.io://localhost/Variable602,Write to HW,Double,tag601
ni.var.io://localhost/Variable603,Write to HW,Double,tag602
ni.var.io://localhost/Variable604,Write to HW,Double,tag603
ni.var.io://localhost/Variable605,Write to HW,Double,tag604
ni.var.io://localhost/Variable606,Write to HW,Double,tag605
ni.var.io://localhost/Variable607,Write to HW,Double,tag606
ni.var.io://localhost/Variable608,Write to HW,Double,tag607
ni.var.io://localhost/Variable609,Write to HW,Double,tag608
ni.var.io://localhost/Variable610,Write to HW,Double,tag609
ni.var.io://localhost/Variable611,Write to HW,Double,tag610
ni.var.io://localhost/Variable612,Write to HW,Double,tag611
ni.var.io://localhost/Variable613,Write to HW,Double,tag612
ni.var.io://localhost/Variable614,Write to HW,Double,tag613
ni.var.io://localhost/Variable615,Write to HW,Double,tag614
ni.var.io://localhost/Variable616,Write to HW,Double,tag615
ni.var.io://localhost/Variable617,Write to HW,Double,tag616
ni.var.io://localhost/Variable618,Write to HW,Double,tag617
ni.var.io://localhost/Variable619,Write to HW,Double,tag618
ni.var.io://localhost/Variable620,Write to HW,Double,tag619
ni.var.io://localhost/Variable621,Write to HW,Double,tag620
ni.var.io://localhost/Variable622,Write to HW,Double,tag621
ni.var.io://localhost/Variable623,Write to HW,Double,tag622
ni.var.io://localhost/Variable624,Write to HW,Double,tag623
ni.var.io://localhost/Variable625,Write to HW,Double,tag624
ni.var.io://localhost/Variable626,Write to HW,Double,tag625
ni.var.io://localhost/Variable627,Write to HW,Double,tag626
ni.var.io://localhost/Variable628,Write to HW,Double,tag627
ni.var.io://localhost/Variable629,Write to HW,Double,tag628
ni.var.io://localhost/Variable630,Write to HW,Double,tag629
ni.var.io://localhost/Variable631,Write to HW,Double,tag630
ni.var.io://localhost/Variable632,Write to HW,Double,tag631
ni.var.io://localhost/Variable633,Write to HW,Double,tag632
ni.var.io://localhost/Variable634,Write to HW,Double,tag633
ni.var.io://localhost/Variable635,Write to HW,Double,tag634
ni.var.io://localhost/Variable636,Write to HW,Double,tag635
ni.var.io://localhost/Variable637,Write to HW,Double,tag636
ni.var.io://localhost/Variable638,Write to HW,Double,tag637
ni.var.io://localhost/Variable639,Write to HW,Double,tag638
ni.var.io://localhost/Variable640,Write to HW,Double,tag639
ni.var.io://localhost/Variable641,Write to HW,Double,tag640
ni.var.io://localhost/Variable642,Write to HW,Double,tag641
ni.var.io://localhost/Variable643,Write to HW,Double,tag642
ni.var.io://localhost/Variable644,Write to HW,Double,tag643
ni.var.io://localhost/Variable645,Write to HW,Double,tag644
ni.var.io://localhost/Variable646,Write to HW,Double,tag645
ni.var.io://localhost/Variable647,Write to HW,Double,tag646
ni.var.io://localhost/Variable648,Write to HW,Double,tag647
ni.var.io://localhost/Variable649,Write to HW,Double,tag648
ni.var.io://localhost/Variable650,Write to HW,Double,tag649
ni.var.io://localhost/Variable651,Write to HW,Double,tag650
ni.var.io://localhost/Variable652,Write to HW,Double,tag651
ni.var.io://localhost/Variable653,Write to HW,Double,tag652
ni.var.io://localhost/Variable654,Write to HW,Double,tag653
ni.var.io://localhost/Variable655,Write to HW,Double,tag654
ni.var.io://localhost/Variable656,Write to HW,Double,tag655
ni.var.io://localhost/Variable657,Write to HW,Double,tag656
ni.var.io://localhost/Variable658,Write to HW,Double,tag657
ni.var.io://localhost/Variable659,Write to HW,Double,tag658
ni.var.io://localhost/Variable660,Write to HW,Double,tag659
ni.var.io://localhost/Variable661,Write to HW,Double,tag660
ni.var.io://localhost/Variable662,Write to HW,Double,tag661
ni.var.io://localhost/Variable663,Write to HW,Double,tag662
ni.var.io://localhost/Variable664,Write to HW,Double,tag663
ni.var.io://localhost/Variable665,Write to HW,Double,tag664
ni.var.io://localhost/Variable666,Write to HW,Double,tag665
ni.var.io://localhost/Variable667,Write to HW,Double,tag666
ni.var.io://localhost/Variable668,Write to HW,Double,tag667
ni.var.io://localhost/Variable669,Write to HW,Double,tag668
ni.var.io://localhost/Variable670,Write to HW,Double,tag669
ni.var.io://localhost/Variable671,Write to HW,Double,tag670
ni.var.io://localhost/Variable672,Write to HW,Double,tag671
ni.var.io://localhost/Variable673,Write to HW,Double,tag672
ni.var.io://localhost/Variable674,Write to HW,Double,tag673
ni.var.io://localhost/Variable675,Write to HW,Double,tag674
ni.var.io://localhost/Variable676,Write to HW,Double,tag675
ni.var.io://localhost/Variable677,Write to HW,Double,tag676
ni.var.io://localhost/Variable678,Write to HW,Double,tag677
ni.var.io://localhost/Variable679,Write to HW,Double,tag678
ni.var.io://localhost/Variable680,Write to HW,Double,tag679
ni.var.io://localhost/Variable681,Write to HW,Double,tag680
ni.var.io://localhost/Variable682,Write to HW,Double,tag681
ni.var.io://localhost/Variable683,Write to HW,Double,tag682
ni.var.io://localhost/Variable684,Write to HW,Double,tag683
ni.var.io://localhost/Variable685,Write to HW,Double,tag684
ni.var.io://localhost/Variable686,Write to HW,Double,tag685
ni.var.io://localhost/Variable687,Write to HW,Double,tag686
ni.var.io://localhost/Variable688,Write to HW,Double,tag687
ni.var.io://localhost/Variable689,Write to HW,Double,tag688
ni.var.io://localhost/Variable690,Write to HW,Double,tag689
ni.var.io://localhost/Variable691,Write to HW,Double,tag690
ni.var.io://localhost/Variable692,Write to HW,Double,tag691
ni.var.io://localhost/Variable693,Write to HW,Double,tag692
ni.var.io://localhost/Variable694,Write to HW,Double,tag693
ni.var.io://localhost/Variable695,Write to HW,Double,tag694
ni.var.io://localhost/Variable696,Write to HW,Double,tag695
ni.var.io://localhost/Variable697,Write to HW,Double,tag696
ni.var.io://localhost/Variable698,Write to HW,Double,tag697
ni.var.io://localhost/Variable699,Write to HW,Double,tag698
ni.var.io://localhost/Variable700,Write to HW,Double,tag699
ni.var.io://localhost/Variable701,Write to HW,Double,tag700
ni.var.io://localhost/Variable702,Write to HW,Double,tag701
ni.var.io://localhost/Variable703,Write to HW,Double,tag702
ni.var.io://localhost/Variable704,Write to HW,Double,tag703
ni.var.io://localhost/Variable705,Write to HW,Double,tag704
ni.var.io://localhost/Variable706,Write to HW,Double,tag705
ni.var.io://localhost/Variable707,Write to HW,Double,tag706
ni.var.io://localhost/Variable708,Write to HW,Double,tag707
ni.var.io://localhost/Variable709,Write to HW,Double,tag708
ni.var.io://localhost/Variable710,Write to HW,Double,tag709
ni.var.io://localhost/Variable711,Write to HW,Double,tag710
ni.var.io://localhost/Variable712,Write to HW,Double,tag711
ni.var.io://localhost/Variable713,Write to HW,Double,tag712
ni.var.io://localhost/Variable714,Write to HW,Double,tag713
ni.var.io://localhost/Variable715,Write to HW,Double,tag714
ni.var.io://localhost/Variable716,Write to HW,Double,tag715
ni.var.io://localhost/Variable717,Write to HW,Double,tag716
ni.var.io://localhost/Variable718,Write to HW,Double,tag717
ni.var.io://localhost/Variable719,Write to HW,Double,tag718
ni.var.io://localhost/Variable720,Write to HW,Double,tag719
ni.var.io://localhost/Variable721,Write to HW,Double,tag720
ni.var.io://localhost/Variable722,Write to HW,Double,tag721
ni.var.io://localhost/Variable723,Write to HW,Double,tag722
ni.var.io://localhost/Variable724,Write to HW,Double,tag723
ni.var.io://localhost/Variable725,Write to HW,Double,tag724
ni.var.io://localhost/Variable726,Write to HW,Double,tag725
ni.var.io://localhost/Variable727,Write to HW,Double,tag726
ni.var.io://localhost/Variable728,Write to HW,Double,tag727
ni.var.io://localhost/Variable729,Write to HW,Double,tag728
ni.var.io://localhost/Variable730,Write to HW,Double,tag729
ni.var.io://localhost/Variable731,Write to HW,Double,tag730
ni.var.io://localhost/Variable732,Write to HW,Double,tag731
ni.var.io://localhost/Variable733,Write to HW,Double,tag732
ni.var.io://localhost/Variable734,Write to HW,Double,tag733
ni.var.io://localhost/Variable735,Write to HW,Double,tag734
ni.var.io://localhost/Variable736,Write to HW,Double,tag735
ni.var.io://localhost/Variable737,Write to HW,Double,tag736
ni.var.io://localhost/Variable738,Write to HW,Double,tag737
ni.var.io://localhost/Variable739,Write to HW,Double,tag738
ni.var.io://localhost/Variable740,Write to HW,Double,tag739
ni.var.io://localhost/Variable741,Write to HW,Double,tag740
ni.var.io://localhost/Variable742,Write to HW,Double,tag741
ni.var.io://localhost/Variable743,Write to HW,Double,tag742
ni.var.io://localhost/Variable744,Write to HW,Double,tag743
ni.var.io://localhost/Variable745,Write to HW,Double,tag744
ni.var.io://localhost/Variable746,Write to HW,Double,tag745
ni.var.io://localhost/Variable747,Write to HW,Double,tag746
ni.var.io://localhost/Variable748,Write to HW,Double,tag747
ni.var.io://localhost/Variable749,Write to HW,Double,tag748
ni.var.io://localhost/Variable750,Write to HW,Double,tag749
ni.var.io://localhost/Variable751,Write to HW,Double,tag750
ni.var.io://localhost/Variable752,Write to HW,Double,tag751
ni.var.io://localhost/Variable753,Write to HW,Double,tag752
ni.var.io://localhost/Variable754,Write to HW,Double,tag753
ni.var.io://localhost/Variable755,Write to HW,Double,tag754
ni.var.io://localhost/Variable756,Write to HW,Double,tag755
ni.var.io://localhost/Variable757,Write to HW,Double,tag756
ni.var.io://localhost/Variable758,Write to HW,Double,tag757
ni.var.io://localhost/Variable759,Write to HW,Double,tag758
ni.var.io://localhost/Variable760,Write to HW,Double,tag759
ni.var.io://localhost/Variable761,Write to HW,Double,tag760
ni.var.io://localhost/Variable762,Write to HW,Double,tag761
ni.var.io://localhost/Variable763,Write to HW,Double,tag762
ni.var.io://localhost/Variable764,Write to HW,Double,tag763
ni.var.io://localhost/Variable765,Write to HW,Double,tag764
ni.var.io://localhost/Variable766,Write to HW,Double,tag765
ni.var.io://localhost/Variable767,Write to HW,Double,tag766
ni.var.io://localhost/Variable768,Write to HW,Double,tag767
ni.var.io://localhost/Variable769,Write to HW,Double,tag768
ni.var.io://localhost/Variable770,Write to HW,Double,tag769
ni.var.io://localhost/Variable771,Write to HW,Double,tag770
ni.var.io://localhost/Variable772,Write to HW,Double,tag771
ni.var.io://localhost/Variable773,Write to HW,Double,tag772
ni.var.io://localhost/Variable774,Write to HW,Double,tag773
ni.var.io://localhost/Variable775,Write to HW,Double,tag774
ni.var.io://localhost/Variable776,Write to HW,Double,tag775
ni.var.io://localhost/Variable777,Write to HW,Double,tag776
ni.var.io://localhost/Variable778,Write to HW,Double,tag777
ni.var.io://localhost/Variable779,Write to HW,Double,tag778
ni.var.io://localhost/Variable780,Write to HW,Double,tag779
ni.var.io://localhost/Variable781,Write to HW,Double,tag780
ni.var.io://localhost/Variable782,Write to HW,Double,tag781
ni.var.io://localhost/Variable783,Write to HW,Double,tag782
ni.var.io://localhost/Variable784,Write to HW,Double,tag783
ni.var.io://localhost/Variable785,Write to HW,Double,tag784
ni.var.io://localhost/Variable786,Write to HW,Double,tag785
ni.var.io://localhost/Variable787,Write to HW,Double,tag786
ni.var.io://localhost/Variable788,Write to HW,Double,tag787
ni.var.io://localhost/Variable789,Write to HW,Double,tag788
ni.var.io://localhost/Variable790,Write to HW,Double,tag789
ni.var.io://localhost/Variable791,Write to HW,Double,tag790
ni.var.io://localhost/Variable792,Write to HW,Double,tag791
ni.var.io://localhost/Variable793,Write to HW,Double,tag792
ni.var.io://localhost/Variable794,Write to HW,Double,tag793
ni.var.io://localhost/Variable795,Write to HW,Double,tag794
ni.var.io://localhost/Variable796,Write to HW,Double,tag795
ni.var.io://localhost/Variable797,Write to HW,Double,tag796
ni.var.io://localhost/Variable798,Write to HW,Double,tag797
ni.var.io://localhost/Variable799,Write to HW,Double,tag798
ni.var.io://localhost/Variable800,Write to HW,Double,tag799
ni.var.io://localhost/Variable801,Write to HW,Double,tag800
ni.var.io://localhost/Variable802,Write to HW,Double,tag801
ni.var.io://localhost/Variable803,Write to HW,Double,tag802
ni.var.io://localhost/Variable804,Write to HW,Double,tag803
ni.var.io://localhost/Variable805,Write to HW,Double,tag804
ni.var.io://localhost/Variable806,Write to HW,Double,tag805
ni.var.io://localhost/Variable807,Write to HW,Double,tag806
ni.var.io://localhost/Variable808,Write to HW,Double,tag807
ni.var.io://localhost/Variable809,Write to HW,Double,tag808
ni.var.io://localhost/Variable810,Write to HW,Double,tag809
ni.var.io://localhost/Variable811,Write to HW,Double,tag810
ni.var.io://localhost/Variable812,Write to HW,Double,tag811
ni.var.io://localhost/Variable813,Write to HW,Double,tag812
ni.var.io://localhost/Variable814,Write to HW,Double,tag813
ni.var.io://localhost/Variable815,Write to HW,Double,tag814
ni.var.io://localhost/Variable816,Write to HW,Double,tag815
ni.var.io://localhost/Variable817,Write to HW,Double,tag816
ni.var.io://localhost/Variable818,Write to HW,Double,tag817
ni.var.io://localhost/Variable819,Write to HW,Double,tag818
ni.var.io://localhost/Variable820,Write to HW,Double,tag819
ni.var.io://localhost/Variable821,Write to HW,Double,tag820
ni.var.io://localhost/Variable822,Write to HW,Double,tag821
ni.var.io://localhost/Variable823,Write to HW,Double,tag822
ni.var.io://localhost/Variable824,Write to HW,Double,tag823
ni.var.io://localhost/Variable825,Write to HW,Double,tag824
ni.var.io://localhost/Variable826,Write to HW,Double,tag825
ni.var.io://localhost/Variable827,Write to HW,Double,tag826
ni.var.io://localhost/Variable828,Write to HW,Double,tag827
ni.var.io://localhost/Variable829,Write to HW,Double,tag828
ni.var.io://localhost/Variable830,Write to HW,Double,tag829
ni.var.io://localhost/Variable831,Write to HW,Double,tag830
ni.var.io://localhost/Variable832,Write to HW,Double,tag831
ni.var.io://localhost/Variable833,Write to HW,Double,tag832
ni.var.io://localhost/Variable834,Write to HW,Double,tag833
ni.var.io://localhost/Variable835,Write to HW,Double,tag834
ni.var.io://localhost/Variable836,Write to HW,Double,tag835
ni.var.io://localhost/Variable837,Write to HW,Double,tag836
ni.var.io://localhost/Variable838,Write to HW,Double,tag837
ni.var.io://localhost/Variable839,Write to HW,Double,tag838
ni.var.io://localhost/Variable840,Write to HW,Double,tag839
ni.var.io://localhost/Variable841,Write to HW,Double,tag840
ni.var.io://localhost/Variable842,Write to HW,Double,tag841
ni.var.io://localhost/Variable843,Write to HW,Double,tag842
ni.var.io://localhost/Variable844,Write to HW,Double,tag843
ni.var.io://localhost/Variable845,Write to HW,Double,tag844
ni.var.io://localhost/Variable846,Write to HW,Double,tag845
ni.var.io://localhost/Variable847,Write to HW,Double,tag846
ni.var.io://localhost/Variable848,Write to HW,Double,tag847
ni.var.io://localhost/Variable849,Write to HW,Double,tag848
ni.var.io://localhost/Variable850,Write to HW,Double,tag849
ni.var.io://localhost/Variable851,Write to HW,Double,tag850
ni.var.io://localhost/Variable852,Write to HW,Double,tag851
ni.var.io://localhost/Variable853,Write to HW,Double,tag852
ni.var.io://localhost/Variable854,Write to HW,Double,tag853
ni.var.io://localhost/Variable855,Write to HW,Double,tag854
ni.var.io://localhost/Variable856,Write to HW,Double,tag855
ni.var.io://localhost/Variable857,Write to HW,Double,tag856
ni.var.io://localhost/Variable858,Write to HW,Double,tag857
ni.var.io://localhost/Variable859,Write to HW,Double,tag858
ni.var.io://localhost/Variable860,Write to HW,Double,tag859
ni.var.io://localhost/Variable861,Write to HW,Double,tag860
ni.var.io://localhost/Variable862,Write to HW,Double,tag861
ni.var.io://localhost/Variable863,Write to HW,Double,tag862
ni.var.io://localhost/Variable864,Write to HW,Double,tag863
ni.var.io://localhost/Variable865,Write to HW,Double,tag864
ni.var.io://localhost/Variable866,Write to HW,Double,tag865
ni.var.io://localhost/Variable867,Write to HW,Double,tag866
ni.var.io://localhost/Variable868,Write to HW,Double,tag867
ni.var.io://localhost/Variable869,Write to HW,Double,tag868
ni.var.io://localhost/Variable870,Write to HW,Double,tag869
ni.var.io://localhost/Variable871,Write to HW,Double,tag870
ni.var.io://localhost/Variable872,Write to HW,Double,tag871
ni.var.io://localhost/Variable873,Write to HW,Double,tag872
ni.var.io://localhost/Variable874,Write to HW,Double,tag873
ni.var.io://localhost/Variable875,Write to HW,Double,tag874
ni.var.io://localhost/Variable876,Write to HW,Double,tag875
ni.var.io://localhost/Variable877,Write to HW,Double,tag876
ni.var.io://localhost/Variable878,Write to HW,Double,tag877
ni.var.io://localhost/Variable879,Write to HW,Double,tag878
ni.var.io://localhost/Variable880,Write to HW,Double,tag879
ni.var.io://localhost/Variable881,Write to HW,Double,tag880
ni.var.io://localhost/Variable882,Write to HW,Double,tag881
ni.var.io://localhost/Variable883,Write to HW,Double,tag882
ni.var.io://localhost/Variable884,Write to HW,Double,tag883
ni.var.io://localhost/Variable885,Write to HW,Double,tag884
ni.var.io://localhost/Variable886,Write to HW,Double,tag885
ni.var.io://localhost/Variable887,Write to HW,Double,tag886
ni.var.io://localhost/Variable888,Write to HW,Double,tag887
ni.var.io://localhost/Variable889,Write to HW,Double,tag888
ni.var.io://localhost/Variable890,Write to HW,Double,tag889
ni.var.io://localhost/Variable891,Write to HW,Double,tag890
ni.var.io://localhost/Variable892,Write to HW,Double,tag891
ni.var.io://localhost/Variable893,Write to HW,Double,tag892
ni.var.io://localhost/Variable894,Write to HW,Double,tag893
ni.var.io://localhost/Variable895,Write to HW,Double,tag894
ni.var.io://localhost/Variable896,Write to HW,Double,tag895
ni.var.io://localhost/Variable897,Write to HW,Double,tag896
ni.var.io://localhost/Variable898,Write to HW,Double,tag897
ni.var.io://localhost/Variable899,Write to HW,Double,tag898
ni.var.io://localhost/Variable900,Write to HW,Double,tag899
ni.var.io://localhost/Variable901,Write to HW,Double,tag900
ni.var.io://localhost/Variable902,Write to HW,Double,tag901
ni.var.io://localhost/Variable903,Write to HW,Double,tag902
ni.var.io://localhost/Variable904,Write to HW,Double,tag903
ni.var.io://localhost/Variable905,Write to HW,Double,tag904
ni.var.io://localhost/Variable906,Write to HW,Double,tag905
ni.var.io://localhost/Variable907,Write to HW,Double,tag906
ni.var.io://localhost/Variable908,Write to HW,Double,tag907
ni.var.io://localhost/Variable909,Write to HW,Double,tag908
ni.var.io://localhost/Variable910,Write to HW,Double,tag909
ni.var.io://localhost/Variable911,Write to HW,Double,tag910
ni.var.io://localhost/Variable912,Write to HW,Double,tag911
ni.var.io://localhost/Variable913,Write to HW,Double,tag912
ni.var.io://localhost/Variable914,Write to HW,Double,tag913
ni.var.io://localhost/Variable915,Write to HW,Double,tag914
ni.var.io://localhost/Variable916,Write to HW,Double,tag915
ni.var.io://localhost/Variable917,Write to HW,Double,tag916
ni.var.io://localhost/Variable918,Write to HW,Double,tag917
ni.var.io://localhost/Variable919,Write to HW,Double,tag918
ni.var.io://localhost/Variable920,Write to HW,Double,tag919
ni.var.io://localhost/Variable921,Write to HW,Double,tag920
ni.var.io://localhost/Variable922,Write to HW,Double,tag921
ni.var.io://localhost/Variable923,Write to HW,Double,tag922
ni.var.io://localhost/Variable924,Write to HW,Double,tag923
ni.var.io://localhost/Variable925,Write to HW,Double,tag924
ni.var.io://localhost/Variable926,Write to HW,Double,tag925
ni.var.io://localhost/Variable927,Write to HW,Double,tag926
ni.var.io://localhost/Variable928,Write to HW,Double,tag927
ni.var.io://localhost/Variable929,Write to HW,Double,tag928
ni.var.io://localhost/Variable930,Write to HW,Double,tag929
ni.var.io://localhost/Variable931,Write to HW,Double,tag930
ni.var.io://localhost/Variable932,Write to HW,Double,tag931
ni.var.io://localhost/Variable933,Write to HW,Double,tag932
ni.var.io://localhost/Variable934,Write to HW,Double,tag933
ni.var.io://localhost/Variable935,Write to HW,Double,tag934
ni.var.io://localhost/Variable936,Write to HW,Double,tag935
ni.var.io://localhost/Variable937,Write to HW,Double,tag936
ni.var.io://localhost/Variable938,Write to HW,Double,tag937
ni.var.io://localhost/Variable939,Write to HW,Double,tag938
ni.var.io://localhost/Variable940,Write to HW,Double,tag939
ni.var.io://localhost/Variable941,Write to HW,Double,tag940
ni.var.io://localhost/Variable942,Write to HW,Double,tag941
ni.var.io://localhost/Variable943,Write to HW,Double,tag942
ni.var.io://localhost/Variable944,Write to HW,Double,tag943
ni.var.io://localhost/Variable945,Write to HW,Double,tag944
ni.var.io://localhost/Variable946,Write to HW,Double,tag945
ni.var.io://localhost/Variable947,Write to HW,Double,tag946
ni.var.io://localhost/Variable948,Write to HW,Double,tag947
ni.var.io://localhost/Variable949,Write to HW,Double,tag948
ni.var.io://localhost/Variable950,Write to HW,Double,tag949
ni.var.io://localhost/Variable951,Write to HW,Double,tag950
ni.var.io://localhost/Variable952,Write to HW,Double,tag951
ni.var.io://localhost/Variable953,Write to HW,Double,tag952
ni.var.io://localhost/Variable954,Write to HW,Double,tag953
ni.var.io://localhost/Variable955,Write to HW,Double,tag954
ni.var.io://localhost/Variable956,Write to HW,Double,tag955
ni.var.io://localhost/Variable957,Write to HW,Double,tag956
ni.var.io://localhost/Variable958,Write to HW,Double,tag957
ni.var.io://localhost/Variable959,Write to HW,Double,tag958
ni.var.io://localhost/Variable960,Write to HW,Double,tag959
ni.var.io://localhost/Variable961,Write to HW,Double,tag960
ni.var.io://localhost/Variable962,Write to HW,Double,tag961
ni.var.io://localhost/Variable963,Write to HW,Double,tag962
ni.var.io://localhost/Variable964,Write to HW,Double,tag963
ni.var.io://localhost/Variable965,Write to HW,Double,tag964
ni.var.io://localhost/Variable966,Write to HW,Double,tag965
ni.var.io://localhost/Variable967,Write to HW,Double,tag966
ni.var.io://localhost/Variable968,Write to HW,Double,tag967
ni.var.io://localhost/Variable969,Write to HW,Double,tag968
ni.var.io://localhost/Variable970,Write to HW,Double,tag969
ni.var.io://localhost/Variable971,Write to HW,Double,tag970
ni.var.io://localhost/Variable972,Write to HW,Double,tag971
ni.var.io://localhost/Variable973,Write to HW,Double,tag972
ni.var.io://localhost/Variable974,Write to HW,Double,tag973
ni.var.io://localhost/Variable975,Write to HW,Double,tag974
ni.var.io://localhost/Variable976,Write to HW,Double,tag975
ni.var.io://localhost/Variable977,Write to HW,Double,tag976
ni.var.io://localhost/Variable978,Write to HW,Double,tag977
ni.var.io://localhost/Variable979,Write to HW,Double,tag978
ni.var.io://localhost/Variable980,Write to HW,Double,tag979
ni.var.io://localhost/Variable981,Write to HW,Double,tag980
ni.var.io://localhost/Variable982,Write to HW,Double,tag981
ni.var.io://localhost/Variable983,Write to HW,Double,tag982
ni.var.io://localhost/Variable984,Write to HW,Double,tag983
ni.var.io://localhost/Variable985,Write to HW,Double,tag984
ni.var.io://localhost/Variable986,Write to HW,Double,tag985
ni.var.io://localhost/Variable987,Write to HW,Double,tag986
ni.var.io://localhost/Variable988,Write to HW,Double,tag987
ni.var.io://localhost/Variable989,Write to HW,Double,tag988
ni.var.io://localhost/Variable990,Write to HW,Double,tag989
ni.var.io://localhost/Variable991,Write to HW,Double,tag990
ni.var.io://localhost/Variable992,Write to HW,Double,tag991
ni.var.io://localhost/Variable993,Write to HW,Double,tag992
ni.var.io://localhost/Variable994,Write to HW,Double,tag993
ni.var.io://localhost/Variable995,Write to HW,Double,tag994
ni.var.io://localhost/Variable996,Write to HW,Double,tag995
ni.var.io://localhost/Variable997,Write to HW,Double,tag996
ni.var.io://localhost/Variable998,Write to HW,Double,tag997
ni.var.io://localhost/Variable999,Write to HW,Double,tag998
ni.var.io://localhost/Variable1000,Write to HW,Double,tag999
